"Id", "shipped"
"10248", "2022-07-16"
"10249", "2022-07-10"
"10250", "2022-07-12"
"10251", "2022-07-15"
"10252", "2022-07-11"
"10253", "2022-07-16"
"10254", "2022-07-23"
"10255", "2022-07-15"
"10256", "2022-07-17"
"10257", "2022-07-22"
"10258", "2022-07-23"
"10259", "2022-07-25"
"10260", "2022-07-29"
"10261", "2022-07-30"
"10262", "2022-07-25"
"10263", "2022-07-31"
"10264", "2022-08-23"
"10265", "2022-08-12"
"10266", "2022-07-31"
"10267", "2022-08-06"
"10268", "2022-08-02"
"10269", "2022-08-09"
"10270", "2022-08-02"
"10271", "2022-08-30"
"10272", "2022-08-06"
"10273", "2022-08-12"
"10274", "2022-08-16"
"10275", "2022-08-09"
"10276", "2022-08-14"
"10277", "2022-08-13"
"10278", "2022-08-16"
"10279", "2022-08-16"
"10280", "2022-09-12"
"10281", "2022-08-21"
"10282", "2022-08-21"
"10283", "2022-08-23"
"10284", "2022-08-27"
"10285", "2022-08-26"
"10286", "2022-08-30"
"10287", "2022-08-28"
"10288", "2022-09-03"
"10289", "2022-08-28"
"10290", "2022-09-03"
"10291", "2022-09-04"
"10292", "2022-09-02"
"10293", "2022-09-11"
"10294", "2022-09-05"
"10295", "2022-09-10"
"10296", "2022-09-11"
"10297", "2022-09-10"
"10298", "2022-09-11"
"10299", "2022-09-13"
"10300", "2022-09-18"
"10301", "2022-09-17"
"10302", "2022-10-09"
"10303", "2022-09-18"
"10304", "2022-09-17"
"10305", "2022-10-09"
"10306", "2022-09-23"
"10307", "2022-09-25"
"10308", "2022-09-24"
"10309", "2022-10-23"
"10310", "2022-09-27"
"10311", "2022-09-26"
"10312", "2022-10-03"
"10313", "2022-10-04"
"10314", "2022-10-04"
"10315", "2022-10-03"
"10316", "2022-10-08"
"10317", "2022-10-10"
"10318", "2022-10-04"
"10319", "2022-10-11"
"10320", "2022-10-18"
"10321", "2022-10-11"
"10322", "2022-10-23"
"10323", "2022-10-14"
"10324", "2022-10-10"
"10325", "2022-10-14"
"10326", "2022-10-14"
"10327", "2022-10-14"
"10328", "2022-10-17"
"10329", "2022-10-23"
"10330", "2022-10-28"
"10331", "2022-10-21"
"10332", "2022-10-21"
"10333", "2022-10-25"
"10334", "2022-10-28"
"10335", "2022-10-24"
"10336", "2022-10-25"
"10337", "2022-10-29"
"10338", "2022-10-29"
"10339", "2022-11-04"
"10340", "2022-11-08"
"10341", "2022-11-05"
"10342", "2022-11-04"
"10343", "2022-11-06"
"10344", "2022-11-05"
"10345", "2022-11-11"
"10346", "2022-11-08"
"10347", "2022-11-08"
"10348", "2022-11-15"
"10349", "2022-11-15"
"10350", "2022-12-03"
"10351", "2022-11-20"
"10352", "2022-11-18"
"10353", "2022-11-25"
"10354", "2022-11-20"
"10355", "2022-11-20"
"10356", "2022-11-27"
"10357", "2022-12-02"
"10358", "2022-11-27"
"10359", "2022-11-26"
"10360", "2022-12-02"
"10361", "2022-12-03"
"10362", "2022-11-28"
"10363", "2022-12-04"
"10364", "2022-12-04"
"10365", "2022-12-02"
"10366", "2022-12-30"
"10367", "2022-12-02"
"10368", "2022-12-02"
"10369", "2022-12-09"
"10370", "2022-12-27"
"10371", "2022-12-24"
"10372", "2022-12-09"
"10373", "2022-12-11"
"10374", "2022-12-09"
"10375", "2022-12-09"
"10376", "2022-12-13"
"10377", "2022-12-13"
"10378", "2022-12-19"
"10379", "2022-12-13"
"10380", "2023-01-16"
"10381", "2022-12-13"
"10382", "2022-12-16"
"10383", "2022-12-18"
"10384", "2022-12-20"
"10385", "2022-12-23"
"10386", "2022-12-25"
"10387", "2022-12-20"
"10388", "2022-12-20"
"10389", "2022-12-24"
"10390", "2022-12-26"
"10391", "2022-12-31"
"10392", "2023-01-01"
"10393", "2023-01-03"
"10394", "2023-01-03"
"10395", "2023-01-03"
"10396", "2023-01-06"
"10397", "2023-01-02"
"10398", "2023-01-09"
"10399", "2023-01-08"
"10400", "2023-01-16"
"10401", "2023-01-10"
"10402", "2023-01-10"
"10403", "2023-01-09"
"10404", "2023-01-08"
"10405", "2023-01-22"
"10406", "2023-01-13"
"10407", "2023-01-30"
"10408", "2023-01-14"
"10409", "2023-01-14"
"10410", "2023-01-15"
"10411", "2023-01-21"
"10412", "2023-01-15"
"10413", "2023-01-16"
"10414", "2023-01-17"
"10415", "2023-01-24"
"10416", "2023-01-27"
"10417", "2023-01-28"
"10418", "2023-01-24"
"10419", "2023-01-30"
"10420", "2023-01-27"
"10421", "2023-01-27"
"10422", "2023-01-31"
"10423", "2023-02-24"
"10424", "2023-01-27"
"10425", "2023-02-14"
"10426", "2023-02-06"
"10427", "2023-03-03"
"10428", "2023-02-04"
"10429", "2023-02-07"
"10430", "2023-02-03"
"10431", "2023-02-07"
"10432", "2023-02-07"
"10433", "2023-03-04"
"10434", "2023-02-13"
"10435", "2023-02-07"
"10436", "2023-02-11"
"10437", "2023-02-12"
"10438", "2023-02-14"
"10439", "2023-02-10"
"10440", "2023-02-28"
"10441", "2023-03-14"
"10442", "2023-02-18"
"10443", "2023-02-14"
"10444", "2023-02-21"
"10445", "2023-02-20"
"10446", "2023-02-19"
"10447", "2023-03-07"
"10448", "2023-02-24"
"10449", "2023-02-27"
"10450", "2023-03-11"
"10451", "2023-03-12"
"10452", "2023-02-26"
"10453", "2023-02-26"
"10454", "2023-02-25"
"10455", "2023-03-03"
"10456", "2023-02-28"
"10457", "2023-03-03"
"10458", "2023-03-04"
"10459", "2023-02-28"
"10460", "2023-03-03"
"10461", "2023-03-05"
"10462", "2023-03-18"
"10463", "2023-03-06"
"10464", "2023-03-14"
"10465", "2023-03-14"
"10466", "2023-03-13"
"10467", "2023-03-11"
"10468", "2023-03-12"
"10469", "2023-03-14"
"10470", "2023-03-14"
"10471", "2023-03-18"
"10472", "2023-03-19"
"10473", "2023-03-21"
"10474", "2023-03-21"
"10475", "2023-04-04"
"10476", "2023-03-24"
"10477", "2023-03-25"
"10478", "2023-03-26"
"10479", "2023-03-21"
"10480", "2023-03-24"
"10481", "2023-03-25"
"10482", "2023-04-10"
"10483", "2023-04-25"
"10484", "2023-04-01"
"10485", "2023-03-31"
"10486", "2023-04-02"
"10487", "2023-03-28"
"10488", "2023-04-02"
"10489", "2023-04-09"
"10490", "2023-04-03"
"10491", "2023-04-08"
"10492", "2023-04-11"
"10493", "2023-04-10"
"10494", "2023-04-09"
"10495", "2023-04-11"
"10496", "2023-04-07"
"10497", "2023-04-07"
"10498", "2023-04-11"
"10499", "2023-04-16"
"10500", "2023-04-17"
"10501", "2023-04-16"
"10502", "2023-04-29"
"10503", "2023-04-16"
"10504", "2023-04-18"
"10505", "2023-04-21"
"10506", "2023-05-02"
"10507", "2023-04-22"
"10508", "2023-05-13"
"10509", "2023-04-29"
"10510", "2023-04-28"
"10511", "2023-04-21"
"10512", "2023-04-24"
"10513", "2023-04-28"
"10514", "2023-05-16"
"10515", "2023-05-23"
"10516", "2023-05-01"
"10517", "2023-04-29"
"10518", "2023-05-05"
"10519", "2023-05-01"
"10520", "2023-05-01"
"10521", "2023-05-02"
"10522", "2023-05-06"
"10523", "2023-05-30"
"10524", "2023-05-07"
"10525", "2023-05-23"
"10526", "2023-05-15"
"10527", "2023-05-07"
"10528", "2023-05-09"
"10529", "2023-05-09"
"10530", "2023-05-12"
"10531", "2023-05-19"
"10532", "2023-05-12"
"10533", "2023-05-22"
"10534", "2023-05-14"
"10535", "2023-05-21"
"10536", "2023-06-06"
"10537", "2023-05-19"
"10538", "2023-05-16"
"10539", "2023-05-23"
"10540", "2023-06-13"
"10541", "2023-05-29"
"10542", "2023-05-26"
"10543", "2023-05-23"
"10544", "2023-05-30"
"10545", "2023-06-26"
"10546", "2023-05-27"
"10547", "2023-06-02"
"10548", "2023-06-02"
"10549", "2023-05-30"
"10550", "2023-06-06"
"10551", "2023-06-06"
"10552", "2023-06-05"
"10553", "2023-06-03"
"10554", "2023-06-05"
"10555", "2023-06-04"
"10556", "2023-06-13"
"10557", "2023-06-06"
"10558", "2023-06-10"
"10559", "2023-06-13"
"10560", "2023-06-09"
"10561", "2023-06-09"
"10562", "2023-06-12"
"10563", "2023-06-24"
"10564", "2023-06-16"
"10565", "2023-06-18"
"10566", "2023-06-18"
"10567", "2023-06-17"
"10568", "2023-07-09"
"10569", "2023-07-11"
"10570", "2023-06-19"
"10571", "2023-07-04"
"10572", "2023-06-25"
"10573", "2023-06-20"
"10574", "2023-06-30"
"10575", "2023-06-30"
"10576", "2023-06-30"
"10577", "2023-06-30"
"10578", "2023-07-25"
"10579", "2023-07-04"
"10580", "2023-07-01"
"10581", "2023-07-02"
"10582", "2023-07-14"
"10583", "2023-07-04"
"10584", "2023-07-04"
"10585", "2023-07-10"
"10586", "2023-07-09"
"10587", "2023-07-09"
"10588", "2023-07-10"
"10589", "2023-07-14"
"10590", "2023-07-14"
"10591", "2023-07-16"
"10592", "2023-07-16"
"10593", "2023-08-13"
"10594", "2023-07-16"
"10595", "2023-07-14"
"10596", "2023-08-12"
"10597", "2023-07-18"
"10598", "2023-07-18"
"10599", "2023-07-21"
"10600", "2023-07-21"
"10601", "2023-07-22"
"10602", "2023-07-22"
"10603", "2023-08-08"
"10604", "2023-07-29"
"10605", "2023-07-29"
"10606", "2023-07-31"
"10607", "2023-07-25"
"10608", "2023-08-01"
"10609", "2023-07-30"
"10610", "2023-08-06"
"10611", "2023-08-01"
"10612", "2023-08-01"
"10613", "2023-08-01"
"10614", "2023-08-01"
"10615", "2023-08-06"
"10616", "2023-08-05"
"10617", "2023-08-04"
"10618", "2023-08-08"
"10619", "2023-08-07"
"10620", "2023-08-14"
"10621", "2023-08-11"
"10622", "2023-08-11"
"10623", "2023-08-12"
"10624", "2023-08-19"
"10625", "2023-08-14"
"10626", "2023-08-20"
"10627", "2023-08-21"
"10628", "2023-08-20"
"10629", "2023-08-20"
"10630", "2023-08-19"
"10631", "2023-08-15"
"10632", "2023-08-19"
"10633", "2023-08-18"
"10634", "2023-08-21"
"10635", "2023-08-21"
"10636", "2023-08-26"
"10637", "2023-08-26"
"10638", "2023-09-01"
"10639", "2023-08-27"
"10640", "2023-08-28"
"10641", "2023-08-26"
"10642", "2023-09-05"
"10643", "2023-09-02"
"10644", "2023-09-01"
"10645", "2023-09-02"
"10646", "2023-09-03"
"10647", "2023-09-03"
"10648", "2023-09-09"
"10649", "2023-08-29"
"10650", "2023-09-03"
"10651", "2023-09-11"
"10652", "2023-09-08"
"10653", "2023-09-19"
"10654", "2023-09-11"
"10655", "2023-09-11"
"10656", "2023-09-10"
"10657", "2023-09-15"
"10658", "2023-09-08"
"10659", "2023-09-10"
"10660", "2023-10-15"
"10661", "2023-09-15"
"10662", "2023-09-18"
"10663", "2023-10-03"
"10664", "2023-09-19"
"10665", "2023-09-17"
"10666", "2023-09-22"
"10667", "2023-09-19"
"10668", "2023-09-23"
"10669", "2023-09-22"
"10670", "2023-09-18"
"10671", "2023-09-24"
"10672", "2023-09-26"
"10673", "2023-09-19"
"10674", "2023-09-30"
"10675", "2023-09-23"
"10676", "2023-09-29"
"10677", "2023-09-26"
"10678", "2023-10-16"
"10679", "2023-09-30"
"10680", "2023-09-26"
"10681", "2023-09-30"
"10682", "2023-10-01"
"10683", "2023-10-01"
"10684", "2023-09-30"
"10685", "2023-10-03"
"10686", "2023-10-08"
"10687", "2023-10-30"
"10688", "2023-10-07"
"10689", "2023-10-07"
"10690", "2023-10-03"
"10691", "2023-10-22"
"10692", "2023-10-13"
"10693", "2023-10-10"
"10694", "2023-10-09"
"10695", "2023-10-14"
"10696", "2023-10-14"
"10697", "2023-10-14"
"10698", "2023-10-17"
"10699", "2023-10-13"
"10700", "2023-10-16"
"10701", "2023-10-15"
"10702", "2023-10-21"
"10703", "2023-10-20"
"10704", "2023-11-07"
"10705", "2023-11-18"
"10706", "2023-10-21"
"10707", "2023-10-23"
"10708", "2023-11-05"
"10709", "2023-11-20"
"10710", "2023-10-23"
"10711", "2023-10-29"
"10712", "2023-10-31"
"10713", "2023-10-24"
"10714", "2023-10-27"
"10715", "2023-10-29"
"10716", "2023-10-27"
"10717", "2023-10-29"
"10718", "2023-10-29"
"10719", "2023-11-05"
"10720", "2023-11-05"
"10721", "2023-10-31"
"10722", "2023-11-04"
"10723", "2023-11-25"
"10724", "2023-11-05"
"10725", "2023-11-05"
"10726", "2023-12-05"
"10727", "2023-12-05"
"10728", "2023-11-11"
"10729", "2023-11-14"
"10730", "2023-11-14"
"10731", "2023-11-14"
"10732", "2023-11-07"
"10733", "2023-11-10"
"10734", "2023-11-12"
"10735", "2023-11-21"
"10736", "2023-11-21"
"10737", "2023-11-18"
"10738", "2023-11-18"
"10739", "2023-11-17"
"10740", "2023-11-25"
"10741", "2023-11-18"
"10742", "2023-11-18"
"10743", "2023-11-21"
"10744", "2023-11-24"
"10745", "2023-11-27"
"10746", "2023-11-21"
"10747", "2023-11-26"
"10748", "2023-11-28"
"10749", "2023-12-19"
"10750", "2023-11-24"
"10751", "2023-12-03"
"10752", "2023-11-28"
"10753", "2023-11-27"
"10754", "2023-11-27"
"10755", "2023-11-28"
"10756", "2023-12-02"
"10757", "2023-12-15"
"10758", "2023-12-04"
"10759", "2023-12-12"
"10760", "2023-12-10"
"10761", "2023-12-08"
"10762", "2023-12-09"
"10763", "2023-12-08"
"10764", "2023-12-08"
"10765", "2023-12-09"
"10766", "2023-12-09"
"10767", "2023-12-15"
"10768", "2023-12-15"
"10769", "2023-12-12"
"10770", "2023-12-17"
"10771", "2024-01-02"
"10772", "2023-12-19"
"10773", "2023-12-16"
"10774", "2023-12-12"
"10775", "2023-12-26"
"10776", "2023-12-18"
"10777", "2024-01-21"
"10778", "2023-12-24"
"10779", "2024-01-14"
"10780", "2023-12-25"
"10781", "2023-12-19"
"10782", "2023-12-22"
"10783", "2023-12-19"
"10784", "2023-12-22"
"10785", "2023-12-24"
"10786", "2023-12-23"
"10787", "2023-12-26"
"10788", "2024-01-19"
"10789", "2023-12-31"
"10790", "2023-12-26"
"10791", "2024-01-01"
"10792", "2023-12-31"
"10793", "2024-01-08"
"10794", "2024-01-02"
"10795", "2024-01-20"
"10796", "2024-01-14"
"10797", "2024-01-05"
"10798", "2024-01-05"
"10799", "2024-01-05"
"10800", "2024-01-05"
"10801", "2023-12-31"
"10802", "2024-01-02"
"10803", "2024-01-06"
"10804", "2024-01-07"
"10805", "2024-01-09"
"10806", "2024-01-05"
"10807", "2024-01-30"
"10808", "2024-01-09"
"10809", "2024-01-07"
"10810", "2024-01-07"
"10811", "2024-01-08"
"10812", "2024-01-12"
"10813", "2024-01-09"
"10814", "2024-01-14"
"10815", "2024-01-14"
"10816", "2024-02-04"
"10817", "2024-01-13"
"10818", "2024-01-12"
"10819", "2024-01-16"
"10820", "2024-01-13"
"10821", "2024-01-15"
"10822", "2024-01-16"
"10823", "2024-01-13"
"10824", "2024-01-30"
"10825", "2024-01-14"
"10826", "2024-02-06"
"10827", "2024-02-06"
"10828", "2024-02-04"
"10829", "2024-01-23"
"10830", "2024-01-21"
"10831", "2024-01-23"
"10832", "2024-01-19"
"10833", "2024-01-23"
"10834", "2024-01-19"
"10835", "2024-01-21"
"10836", "2024-01-21"
"10837", "2024-01-23"
"10838", "2024-01-23"
"10839", "2024-01-22"
"10840", "2024-02-16"
"10841", "2024-01-29"
"10842", "2024-01-29"
"10843", "2024-01-26"
"10844", "2024-01-26"
"10845", "2024-01-30"
"10846", "2024-01-23"
"10847", "2024-02-10"
"10848", "2024-01-29"
"10849", "2024-01-30"
"10850", "2024-01-30"
"10851", "2024-02-02"
"10852", "2024-01-30"
"10853", "2024-02-03"
"10854", "2024-02-05"
"10855", "2024-02-04"
"10856", "2024-02-10"
"10857", "2024-02-06"
"10858", "2024-02-03"
"10859", "2024-02-02"
"10860", "2024-02-04"
"10861", "2024-02-17"
"10862", "2024-02-02"
"10863", "2024-02-17"
"10864", "2024-02-09"
"10865", "2024-02-12"
"10866", "2024-02-12"
"10867", "2024-02-11"
"10868", "2024-02-23"
"10869", "2024-02-09"
"10870", "2024-02-13"
"10871", "2024-02-10"
"10872", "2024-02-09"
"10873", "2024-02-09"
"10874", "2024-02-11"
"10875", "2024-03-03"
"10876", "2024-02-12"
"10877", "2024-02-19"
"10878", "2024-02-12"
"10879", "2024-02-12"
"10880", "2024-02-18"
"10881", "2024-02-18"
"10882", "2024-02-20"
"10883", "2024-02-20"
"10884", "2024-02-13"
"10885", "2024-02-18"
"10886", "2024-03-02"
"10887", "2024-02-16"
"10888", "2024-02-23"
"10889", "2024-02-23"
"10890", "2024-02-18"
"10891", "2024-02-19"
"10892", "2024-02-19"
"10893", "2024-02-20"
"10894", "2024-02-20"
"10895", "2024-02-23"
"10896", "2024-02-27"
"10897", "2024-02-25"
"10898", "2024-03-06"
"10899", "2024-02-26"
"10900", "2024-03-04"
"10901", "2024-02-26"
"10902", "2024-03-03"
"10903", "2024-03-04"
"10904", "2024-02-27"
"10905", "2024-03-06"
"10906", "2024-03-03"
"10907", "2024-02-27"
"10908", "2024-03-06"
"10909", "2024-03-10"
"10910", "2024-03-04"
"10911", "2024-03-05"
"10912", "2024-03-18"
"10913", "2024-03-04"
"10914", "2024-03-02"
"10915", "2024-03-02"
"10916", "2024-03-09"
"10917", "2024-03-11"
"10918", "2024-03-11"
"10919", "2024-03-04"
"10920", "2024-03-09"
"10921", "2024-03-09"
"10922", "2024-03-05"
"10923", "2024-03-13"
"10924", "2024-04-08"
"10925", "2024-03-13"
"10926", "2024-03-11"
"10927", "2024-04-08"
"10928", "2024-03-18"
"10929", "2024-03-12"
"10930", "2024-03-18"
"10931", "2024-03-19"
"10932", "2024-03-24"
"10933", "2024-03-16"
"10934", "2024-03-12"
"10935", "2024-03-18"
"10936", "2024-03-18"
"10937", "2024-03-13"
"10938", "2024-03-16"
"10939", "2024-03-13"
"10940", "2024-03-23"
"10941", "2024-03-20"
"10942", "2024-03-18"
"10943", "2024-03-19"
"10944", "2024-03-13"
"10945", "2024-03-18"
"10946", "2024-03-19"
"10947", "2024-03-16"
"10948", "2024-03-19"
"10949", "2024-03-17"
"10950", "2024-03-23"
"10951", "2024-04-07"
"10952", "2024-03-24"
"10953", "2024-03-25"
"10954", "2024-03-20"
"10955", "2024-03-20"
"10956", "2024-03-20"
"10957", "2024-03-27"
"10958", "2024-03-27"
"10959", "2024-03-23"
"10960", "2024-04-08"
"10961", "2024-03-30"
"10962", "2024-03-23"
"10963", "2024-03-26"
"10964", "2024-03-24"
"10965", "2024-03-30"
"10966", "2024-04-08"
"10967", "2024-04-02"
"10968", "2024-04-01"
"10969", "2024-03-30"
"10970", "2024-04-24"
"10971", "2024-04-02"
"10972", "2024-03-26"
"10973", "2024-03-27"
"10974", "2024-04-03"
"10975", "2024-03-27"
"10976", "2024-04-03"
"10977", "2024-04-10"
"10978", "2024-04-23"
"10979", "2024-03-31"
"10980", "2024-04-17"
"10981", "2024-04-02"
"10982", "2024-04-08"
"10983", "2024-04-06"
"10984", "2024-04-03"
"10985", "2024-04-02"
"10986", "2024-04-21"
"10987", "2024-04-06"
"10988", "2024-04-10"
"10989", "2024-04-02"
"10990", "2024-04-07"
"10991", "2024-04-07"
"10992", "2024-04-03"
"10993", "2024-04-10"
"10994", "2024-04-09"
"10995", "2024-04-06"
"10996", "2024-04-10"
"10997", "2024-04-13"
"10998", "2024-04-17"
"10999", "2024-04-10"
"11000", "2024-04-14"
"11001", "2024-04-14"
"11002", "2024-04-16"
"11003", "2024-04-08"
"11004", "2024-04-20"
"11005", "2024-04-10"
"11006", "2024-04-15"
"11007", "2024-04-13"
"11008", ""
"11009", "2024-04-10"
"11010", "2024-04-21"
"11011", "2024-04-13"
"11012", "2024-04-17"
"11013", "2024-04-10"
"11014", "2024-04-15"
"11015", "2024-04-20"
"11016", "2024-04-13"
"11017", "2024-04-20"
"11018", "2024-04-16"
"11019", ""
"11020", "2024-04-16"
"11021", "2024-04-21"
"11022", "2024-05-04"
"11023", "2024-04-24"
"11024", "2024-04-20"
"11025", "2024-04-24"
"11026", "2024-04-28"
"11027", "2024-04-20"
"11028", "2024-04-22"
"11029", "2024-04-27"
"11030", "2024-04-27"
"11031", "2024-04-24"
"11032", "2024-04-23"
"11033", "2024-04-23"
"11034", "2024-04-27"
"11035", "2024-04-24"
"11036", "2024-04-22"
"11037", "2024-04-27"
"11038", "2024-04-30"
"11039", ""
"11040", ""
"11041", "2024-04-28"
"11042", "2024-05-01"
"11043", "2024-04-29"
"11044", "2024-05-01"
"11045", ""
"11046", "2024-04-24"
"11047", "2024-05-01"
"11048", "2024-04-30"
"11049", "2024-05-04"
"11050", "2024-05-05"
"11051", ""
"11052", "2024-05-01"
"11053", "2024-04-29"
"11054", ""
"11055", "2024-05-05"
"11056", "2024-05-01"
"11057", "2024-05-01"
"11058", ""
"11059", ""
"11060", "2024-05-04"
"11061", ""
"11062", ""
"11063", "2024-05-06"
"11064", "2024-05-04"
"11065", ""
"11066", "2024-05-04"
"11067", "2024-05-06"
"11068", ""
"11069", "2024-05-06"
"11070", ""
"11071", ""
"11072", ""
"11073", ""
"11074", ""
"11075", ""
"11076", ""
"11077", ""
