"Id", "discount_float"
"10248", "0"
"10248", "0"
"10248", "0"
"10249", "0"
"10249", "0"
"10250", "0"
"10250", "0.15"
"10250", "0.15"
"10251", "0"
"10251", "0.05"
"10251", "0.05"
"10252", "0"
"10252", "0.05"
"10252", "0.05"
"10253", "0"
"10253", "0"
"10253", "0"
"10254", "0"
"10254", "0.15"
"10254", "0.15"
"10255", "0"
"10255", "0"
"10255", "0"
"10255", "0"
"10256", "0"
"10256", "0"
"10257", "0"
"10257", "0"
"10257", "0"
"10258", "0.2"
"10258", "0.2"
"10258", "0.2"
"10259", "0"
"10259", "0"
"10260", "0"
"10260", "0.25"
"10260", "0.25"
"10260", "0.25"
"10261", "0"
"10261", "0"
"10262", "0"
"10262", "0"
"10262", "0.2"
"10263", "0"
"10263", "0.25"
"10263", "0.25"
"10263", "0.25"
"10264", "0"
"10264", "0.15"
"10265", "0"
"10265", "0"
"10266", "0.05"
"10267", "0"
"10267", "0.15"
"10267", "0.15"
"10268", "0"
"10268", "0"
"10269", "0.05"
"10269", "0.05"
"10270", "0"
"10270", "0"
"10271", "0"
"10272", "0"
"10272", "0"
"10272", "0"
"10273", "0"
"10273", "0.05"
"10273", "0.05"
"10273", "0.05"
"10273", "0.05"
"10274", "0"
"10274", "0"
"10275", "0.05"
"10275", "0.05"
"10276", "0"
"10276", "0"
"10277", "0"
"10277", "0"
"10278", "0"
"10278", "0"
"10278", "0"
"10278", "0"
"10279", "0.25"
"10280", "0"
"10280", "0"
"10280", "0"
"10281", "0"
"10281", "0"
"10281", "0"
"10282", "0"
"10282", "0"
"10283", "0"
"10283", "0"
"10283", "0"
"10283", "0"
"10284", "0"
"10284", "0.25"
"10284", "0.25"
"10284", "0.25"
"10285", "0.2"
"10285", "0.2"
"10285", "0.2"
"10286", "0"
"10286", "0"
"10287", "0"
"10287", "0.15"
"10287", "0.15"
"10288", "0.1"
"10288", "0.1"
"10289", "0"
"10289", "0"
"10290", "0"
"10290", "0"
"10290", "0"
"10290", "0"
"10291", "0.1"
"10291", "0.1"
"10291", "0.1"
"10292", "0"
"10293", "0"
"10293", "0"
"10293", "0"
"10293", "0"
"10294", "0"
"10294", "0"
"10294", "0"
"10294", "0"
"10294", "0"
"10295", "0"
"10296", "0"
"10296", "0"
"10296", "0"
"10297", "0"
"10297", "0"
"10298", "0"
"10298", "0"
"10298", "0.25"
"10298", "0.25"
"10299", "0"
"10299", "0"
"10300", "0"
"10300", "0"
"10301", "0"
"10301", "0"
"10302", "0"
"10302", "0"
"10302", "0"
"10303", "0.1"
"10303", "0.1"
"10303", "0.1"
"10304", "0"
"10304", "0"
"10304", "0"
"10305", "0.1"
"10305", "0.1"
"10305", "0.1"
"10306", "0"
"10306", "0"
"10306", "0"
"10307", "0"
"10307", "0"
"10308", "0"
"10308", "0"
"10309", "0"
"10309", "0"
"10309", "0"
"10309", "0"
"10309", "0"
"10310", "0"
"10310", "0"
"10311", "0"
"10311", "0"
"10312", "0"
"10312", "0"
"10312", "0"
"10312", "0"
"10313", "0"
"10314", "0.1"
"10314", "0.1"
"10314", "0.1"
"10315", "0"
"10315", "0"
"10316", "0"
"10316", "0"
"10317", "0"
"10318", "0"
"10318", "0"
"10319", "0"
"10319", "0"
"10319", "0"
"10320", "0"
"10321", "0"
"10322", "0"
"10323", "0"
"10323", "0"
"10323", "0"
"10324", "0"
"10324", "0.15"
"10324", "0.15"
"10324", "0.15"
"10324", "0.15"
"10325", "0"
"10325", "0"
"10325", "0"
"10325", "0"
"10325", "0"
"10326", "0"
"10326", "0"
"10326", "0"
"10327", "0.2"
"10327", "0.2"
"10327", "0.2"
"10327", "0.2"
"10328", "0"
"10328", "0"
"10328", "0"
"10329", "0.05"
"10329", "0.05"
"10329", "0.05"
"10329", "0.05"
"10330", "0.15"
"10330", "0.15"
"10331", "0"
"10332", "0.2"
"10332", "0.2"
"10332", "0.2"
"10333", "0"
"10333", "0.1"
"10333", "0.1"
"10334", "0"
"10334", "0"
"10335", "0.2"
"10335", "0.2"
"10335", "0.2"
"10335", "0.2"
"10336", "0.1"
"10337", "0"
"10337", "0"
"10337", "0"
"10337", "0"
"10337", "0"
"10338", "0"
"10338", "0"
"10339", "0"
"10339", "0"
"10339", "0.05"
"10340", "0.05"
"10340", "0.05"
"10340", "0.05"
"10341", "0"
"10341", "0.15"
"10342", "0.2"
"10342", "0.2"
"10342", "0.2"
"10342", "0.2"
"10343", "0"
"10343", "0"
"10343", "0.05"
"10344", "0"
"10344", "0.25"
"10345", "0"
"10345", "0"
"10345", "0"
"10346", "0"
"10346", "0.1"
"10347", "0"
"10347", "0"
"10347", "0.15"
"10347", "0.15"
"10348", "0"
"10348", "0.15"
"10349", "0"
"10350", "0.1"
"10350", "0.1"
"10351", "0"
"10351", "0.05"
"10351", "0.05"
"10351", "0.05"
"10352", "0"
"10352", "0.15"
"10353", "0.2"
"10353", "0.2"
"10354", "0"
"10354", "0"
"10355", "0"
"10355", "0"
"10356", "0"
"10356", "0"
"10356", "0"
"10357", "0"
"10357", "0.2"
"10357", "0.2"
"10358", "0.05"
"10358", "0.05"
"10358", "0.05"
"10359", "0.05"
"10359", "0.05"
"10359", "0.05"
"10360", "0"
"10360", "0"
"10360", "0"
"10360", "0"
"10360", "0"
"10361", "0.1"
"10361", "0.1"
"10362", "0"
"10362", "0"
"10362", "0"
"10363", "0"
"10363", "0"
"10363", "0"
"10364", "0"
"10364", "0"
"10365", "0"
"10366", "0"
"10366", "0"
"10367", "0"
"10367", "0"
"10367", "0"
"10367", "0"
"10368", "0"
"10368", "0.1"
"10368", "0.1"
"10368", "0.1"
"10369", "0"
"10369", "0.25"
"10370", "0"
"10370", "0.15"
"10370", "0.15"
"10371", "0.2"
"10372", "0.25"
"10372", "0.25"
"10372", "0.25"
"10372", "0.25"
"10373", "0.2"
"10373", "0.2"
"10374", "0"
"10374", "0"
"10375", "0"
"10375", "0"
"10376", "0.05"
"10377", "0.15"
"10377", "0.15"
"10378", "0"
"10379", "0.1"
"10379", "0.1"
"10379", "0.1"
"10380", "0"
"10380", "0.1"
"10380", "0.1"
"10380", "0.1"
"10381", "0"
"10382", "0"
"10382", "0"
"10382", "0"
"10382", "0"
"10382", "0"
"10383", "0"
"10383", "0"
"10383", "0"
"10384", "0"
"10384", "0"
"10385", "0.2"
"10385", "0.2"
"10385", "0.2"
"10386", "0"
"10386", "0"
"10387", "0"
"10387", "0"
"10387", "0"
"10387", "0"
"10388", "0"
"10388", "0.2"
"10388", "0.2"
"10389", "0"
"10389", "0"
"10389", "0"
"10389", "0"
"10390", "0"
"10390", "0.1"
"10390", "0.1"
"10390", "0.1"
"10391", "0"
"10392", "0"
"10393", "0"
"10393", "0.25"
"10393", "0.25"
"10393", "0.25"
"10393", "0.25"
"10394", "0"
"10394", "0"
"10395", "0"
"10395", "0.1"
"10395", "0.1"
"10396", "0"
"10396", "0"
"10396", "0"
"10397", "0.15"
"10397", "0.15"
"10398", "0"
"10398", "0.1"
"10399", "0"
"10399", "0"
"10399", "0"
"10399", "0"
"10400", "0"
"10400", "0"
"10400", "0"
"10401", "0"
"10401", "0"
"10401", "0"
"10401", "0"
"10402", "0"
"10402", "0"
"10403", "0.15"
"10403", "0.15"
"10404", "0.05"
"10404", "0.05"
"10404", "0.05"
"10405", "0"
"10406", "0"
"10406", "0.1"
"10406", "0.1"
"10406", "0.1"
"10406", "0.1"
"10407", "0"
"10407", "0"
"10407", "0"
"10408", "0"
"10408", "0"
"10408", "0"
"10409", "0"
"10409", "0"
"10410", "0"
"10410", "0"
"10411", "0.2"
"10411", "0.2"
"10411", "0.2"
"10412", "0.1"
"10413", "0"
"10413", "0"
"10413", "0"
"10414", "0"
"10414", "0.05"
"10415", "0"
"10415", "0"
"10416", "0"
"10416", "0"
"10416", "0"
"10417", "0"
"10417", "0"
"10417", "0.25"
"10417", "0.25"
"10418", "0"
"10418", "0"
"10418", "0"
"10418", "0"
"10419", "0.05"
"10419", "0.05"
"10420", "0.1"
"10420", "0.1"
"10420", "0.1"
"10420", "0.1"
"10421", "0"
"10421", "0.15"
"10421", "0.15"
"10421", "0.15"
"10422", "0"
"10423", "0"
"10423", "0"
"10424", "0.2"
"10424", "0.2"
"10424", "0.2"
"10425", "0.25"
"10425", "0.25"
"10426", "0"
"10426", "0"
"10427", "0"
"10428", "0"
"10429", "0"
"10429", "0.25"
"10430", "0"
"10430", "0"
"10430", "0.2"
"10430", "0.2"
"10431", "0.25"
"10431", "0.25"
"10431", "0.25"
"10432", "0"
"10432", "0"
"10433", "0"
"10434", "0"
"10434", "0.15"
"10435", "0"
"10435", "0"
"10435", "0"
"10436", "0"
"10436", "0.1"
"10436", "0.1"
"10436", "0.1"
"10437", "0"
"10438", "0.2"
"10438", "0.2"
"10438", "0.2"
"10439", "0"
"10439", "0"
"10439", "0"
"10439", "0"
"10440", "0.15"
"10440", "0.15"
"10440", "0.15"
"10440", "0.15"
"10441", "0"
"10442", "0"
"10442", "0"
"10442", "0"
"10443", "0"
"10443", "0.2"
"10444", "0"
"10444", "0"
"10444", "0"
"10444", "0"
"10445", "0"
"10445", "0"
"10446", "0.1"
"10446", "0.1"
"10446", "0.1"
"10446", "0.1"
"10447", "0"
"10447", "0"
"10447", "0"
"10448", "0"
"10448", "0"
"10449", "0"
"10449", "0"
"10449", "0"
"10450", "0.2"
"10450", "0.2"
"10451", "0.1"
"10451", "0.1"
"10451", "0.1"
"10451", "0.1"
"10452", "0"
"10452", "0.05"
"10453", "0.1"
"10453", "0.1"
"10454", "0.2"
"10454", "0.2"
"10454", "0.2"
"10455", "0"
"10455", "0"
"10455", "0"
"10455", "0"
"10456", "0.15"
"10456", "0.15"
"10457", "0"
"10458", "0"
"10458", "0"
"10458", "0"
"10458", "0"
"10458", "0"
"10459", "0"
"10459", "0.05"
"10459", "0.05"
"10460", "0.25"
"10460", "0.25"
"10461", "0.25"
"10461", "0.25"
"10461", "0.25"
"10462", "0"
"10462", "0"
"10463", "0"
"10463", "0"
"10464", "0"
"10464", "0"
"10464", "0.2"
"10464", "0.2"
"10465", "0"
"10465", "0"
"10465", "0"
"10465", "0.1"
"10465", "0.1"
"10466", "0"
"10466", "0"
"10467", "0"
"10467", "0"
"10468", "0"
"10468", "0"
"10469", "0.15"
"10469", "0.15"
"10469", "0.15"
"10470", "0"
"10470", "0"
"10470", "0"
"10471", "0"
"10471", "0"
"10472", "0"
"10472", "0.05"
"10473", "0"
"10473", "0"
"10474", "0"
"10474", "0"
"10474", "0"
"10474", "0"
"10475", "0.15"
"10475", "0.15"
"10475", "0.15"
"10476", "0"
"10476", "0.05"
"10477", "0"
"10477", "0.25"
"10477", "0.25"
"10478", "0.05"
"10479", "0"
"10479", "0"
"10479", "0"
"10479", "0"
"10480", "0"
"10480", "0"
"10481", "0"
"10481", "0"
"10482", "0"
"10483", "0.05"
"10483", "0.05"
"10484", "0"
"10484", "0"
"10484", "0"
"10485", "0.1"
"10485", "0.1"
"10485", "0.1"
"10485", "0.1"
"10486", "0"
"10486", "0"
"10486", "0"
"10487", "0"
"10487", "0"
"10487", "0.25"
"10488", "0"
"10488", "0.2"
"10489", "0"
"10489", "0.25"
"10490", "0"
"10490", "0"
"10490", "0"
"10491", "0.15"
"10491", "0.15"
"10492", "0.05"
"10492", "0.05"
"10493", "0.1"
"10493", "0.1"
"10493", "0.1"
"10494", "0"
"10495", "0"
"10495", "0"
"10495", "0"
"10496", "0.05"
"10497", "0"
"10497", "0"
"10497", "0"
"10498", "0"
"10498", "0"
"10498", "0"
"10499", "0"
"10499", "0"
"10500", "0.05"
"10500", "0.05"
"10501", "0"
"10502", "0"
"10502", "0"
"10502", "0"
"10503", "0"
"10503", "0"
"10504", "0"
"10504", "0"
"10504", "0"
"10504", "0"
"10505", "0"
"10506", "0.1"
"10506", "0.1"
"10507", "0.15"
"10507", "0.15"
"10508", "0"
"10508", "0"
"10509", "0"
"10510", "0"
"10510", "0.1"
"10511", "0.15"
"10511", "0.15"
"10511", "0.15"
"10512", "0.15"
"10512", "0.15"
"10512", "0.15"
"10512", "0.15"
"10513", "0.2"
"10513", "0.2"
"10513", "0.2"
"10514", "0"
"10514", "0"
"10514", "0"
"10514", "0"
"10514", "0"
"10515", "0"
"10515", "0"
"10515", "0.15"
"10515", "0.15"
"10515", "0.15"
"10516", "0"
"10516", "0.1"
"10516", "0.1"
"10517", "0"
"10517", "0"
"10517", "0"
"10518", "0"
"10518", "0"
"10518", "0"
"10519", "0"
"10519", "0.05"
"10519", "0.05"
"10520", "0"
"10520", "0"
"10521", "0"
"10521", "0"
"10521", "0"
"10522", "0"
"10522", "0.2"
"10522", "0.2"
"10522", "0.2"
"10523", "0.1"
"10523", "0.1"
"10523", "0.1"
"10523", "0.1"
"10524", "0"
"10524", "0"
"10524", "0"
"10524", "0"
"10525", "0"
"10525", "0.1"
"10526", "0"
"10526", "0.15"
"10526", "0.15"
"10527", "0.1"
"10527", "0.1"
"10528", "0"
"10528", "0"
"10528", "0.2"
"10529", "0"
"10529", "0"
"10529", "0"
"10530", "0"
"10530", "0"
"10530", "0"
"10530", "0"
"10531", "0"
"10532", "0"
"10532", "0"
"10533", "0"
"10533", "0.05"
"10533", "0.05"
"10534", "0"
"10534", "0.2"
"10534", "0.2"
"10535", "0.1"
"10535", "0.1"
"10535", "0.1"
"10535", "0.1"
"10536", "0"
"10536", "0"
"10536", "0.25"
"10536", "0.25"
"10537", "0"
"10537", "0"
"10537", "0"
"10537", "0"
"10537", "0"
"10538", "0"
"10538", "0"
"10539", "0"
"10539", "0"
"10539", "0"
"10539", "0"
"10540", "0"
"10540", "0"
"10540", "0"
"10540", "0"
"10541", "0.1"
"10541", "0.1"
"10541", "0.1"
"10541", "0.1"
"10542", "0.05"
"10542", "0.05"
"10543", "0.15"
"10543", "0.15"
"10544", "0"
"10544", "0"
"10545", "0"
"10546", "0"
"10546", "0"
"10546", "0"
"10547", "0"
"10547", "0.15"
"10548", "0"
"10548", "0.25"
"10549", "0.15"
"10549", "0.15"
"10549", "0.15"
"10550", "0"
"10550", "0.1"
"10550", "0.1"
"10550", "0.1"
"10551", "0"
"10551", "0.15"
"10551", "0.15"
"10552", "0"
"10552", "0"
"10553", "0"
"10553", "0"
"10553", "0"
"10553", "0"
"10553", "0"
"10554", "0.05"
"10554", "0.05"
"10554", "0.05"
"10554", "0.05"
"10555", "0.2"
"10555", "0.2"
"10555", "0.2"
"10555", "0.2"
"10555", "0.2"
"10556", "0"
"10557", "0"
"10557", "0"
"10558", "0"
"10558", "0"
"10558", "0"
"10558", "0"
"10558", "0"
"10559", "0.05"
"10559", "0.05"
"10560", "0"
"10560", "0.25"
"10561", "0"
"10561", "0"
"10562", "0.1"
"10562", "0.1"
"10563", "0"
"10563", "0"
"10564", "0.05"
"10564", "0.05"
"10564", "0.05"
"10565", "0.1"
"10565", "0.1"
"10566", "0"
"10566", "0.15"
"10566", "0.15"
"10567", "0"
"10567", "0.2"
"10567", "0.2"
"10568", "0"
"10569", "0"
"10569", "0.2"
"10570", "0.05"
"10570", "0.05"
"10571", "0.15"
"10571", "0.15"
"10572", "0"
"10572", "0.1"
"10572", "0.1"
"10572", "0.1"
"10573", "0"
"10573", "0"
"10573", "0"
"10574", "0"
"10574", "0"
"10574", "0"
"10574", "0"
"10575", "0"
"10575", "0"
"10575", "0"
"10575", "0"
"10576", "0"
"10576", "0"
"10576", "0"
"10577", "0"
"10577", "0"
"10577", "0"
"10578", "0"
"10578", "0"
"10579", "0"
"10579", "0"
"10580", "0.05"
"10580", "0.05"
"10580", "0.05"
"10581", "0.2"
"10582", "0"
"10582", "0"
"10583", "0"
"10583", "0.15"
"10583", "0.15"
"10584", "0.05"
"10585", "0"
"10586", "0.15"
"10587", "0"
"10587", "0"
"10587", "0"
"10588", "0.2"
"10588", "0.2"
"10589", "0"
"10590", "0"
"10590", "0.05"
"10591", "0"
"10591", "0"
"10591", "0"
"10592", "0.05"
"10592", "0.05"
"10593", "0.2"
"10593", "0.2"
"10593", "0.2"
"10594", "0"
"10594", "0"
"10595", "0.25"
"10595", "0.25"
"10595", "0.25"
"10596", "0.2"
"10596", "0.2"
"10596", "0.2"
"10597", "0"
"10597", "0.2"
"10597", "0.2"
"10598", "0"
"10598", "0"
"10599", "0"
"10600", "0"
"10600", "0"
"10601", "0"
"10601", "0"
"10602", "0.25"
"10603", "0"
"10603", "0.05"
"10604", "0.1"
"10604", "0.1"
"10605", "0.05"
"10605", "0.05"
"10605", "0.05"
"10605", "0.05"
"10606", "0.2"
"10606", "0.2"
"10606", "0.2"
"10607", "0"
"10607", "0"
"10607", "0"
"10607", "0"
"10607", "0"
"10608", "0"
"10609", "0"
"10609", "0"
"10609", "0"
"10610", "0.25"
"10611", "0"
"10611", "0"
"10611", "0"
"10612", "0"
"10612", "0"
"10612", "0"
"10612", "0"
"10612", "0"
"10613", "0"
"10613", "0.1"
"10614", "0"
"10614", "0"
"10614", "0"
"10615", "0"
"10616", "0"
"10616", "0.05"
"10616", "0.05"
"10616", "0.05"
"10617", "0.15"
"10618", "0"
"10618", "0"
"10618", "0"
"10619", "0"
"10619", "0"
"10620", "0"
"10620", "0"
"10621", "0"
"10621", "0"
"10621", "0"
"10621", "0"
"10622", "0"
"10622", "0.2"
"10623", "0"
"10623", "0"
"10623", "0.1"
"10623", "0.1"
"10623", "0.1"
"10624", "0"
"10624", "0"
"10624", "0"
"10625", "0"
"10625", "0"
"10625", "0"
"10626", "0"
"10626", "0"
"10626", "0"
"10627", "0"
"10627", "0.15"
"10628", "0"
"10629", "0"
"10629", "0"
"10630", "0"
"10630", "0.05"
"10631", "0.1"
"10632", "0.05"
"10632", "0.05"
"10633", "0.15"
"10633", "0.15"
"10633", "0.15"
"10633", "0.15"
"10634", "0"
"10634", "0"
"10634", "0"
"10634", "0"
"10635", "0"
"10635", "0.1"
"10635", "0.1"
"10636", "0"
"10636", "0"
"10637", "0"
"10637", "0.05"
"10637", "0.05"
"10638", "0"
"10638", "0"
"10638", "0"
"10639", "0"
"10640", "0.25"
"10640", "0.25"
"10641", "0"
"10641", "0"
"10642", "0.2"
"10642", "0.2"
"10643", "0.25"
"10643", "0.25"
"10643", "0.25"
"10644", "0"
"10644", "0.1"
"10644", "0.1"
"10645", "0"
"10645", "0"
"10646", "0.25"
"10646", "0.25"
"10646", "0.25"
"10646", "0.25"
"10647", "0"
"10647", "0"
"10648", "0"
"10648", "0.15"
"10649", "0"
"10649", "0"
"10650", "0"
"10650", "0"
"10650", "0.05"
"10651", "0.25"
"10651", "0.25"
"10652", "0"
"10652", "0.25"
"10653", "0.1"
"10653", "0.1"
"10654", "0.1"
"10654", "0.1"
"10654", "0.1"
"10655", "0.2"
"10656", "0.1"
"10656", "0.1"
"10656", "0.1"
"10657", "0"
"10657", "0"
"10657", "0"
"10657", "0"
"10657", "0"
"10657", "0"
"10658", "0"
"10658", "0.05"
"10658", "0.05"
"10658", "0.05"
"10659", "0.05"
"10659", "0.05"
"10659", "0.05"
"10660", "0"
"10661", "0.2"
"10661", "0.2"
"10662", "0"
"10663", "0.05"
"10663", "0.05"
"10663", "0.05"
"10664", "0.15"
"10664", "0.15"
"10664", "0.15"
"10665", "0"
"10665", "0"
"10665", "0"
"10666", "0"
"10666", "0"
"10667", "0.2"
"10667", "0.2"
"10668", "0.1"
"10668", "0.1"
"10668", "0.1"
"10669", "0"
"10670", "0"
"10670", "0"
"10670", "0"
"10670", "0"
"10670", "0"
"10671", "0"
"10671", "0"
"10671", "0"
"10672", "0"
"10672", "0.1"
"10673", "0"
"10673", "0"
"10673", "0"
"10674", "0"
"10675", "0"
"10675", "0"
"10675", "0"
"10676", "0"
"10676", "0"
"10676", "0"
"10677", "0.15"
"10677", "0.15"
"10678", "0"
"10678", "0"
"10678", "0"
"10678", "0"
"10679", "0"
"10680", "0.25"
"10680", "0.25"
"10680", "0.25"
"10681", "0"
"10681", "0.1"
"10681", "0.1"
"10682", "0"
"10682", "0"
"10682", "0"
"10683", "0"
"10684", "0"
"10684", "0"
"10684", "0"
"10685", "0"
"10685", "0"
"10685", "0"
"10686", "0"
"10686", "0.2"
"10687", "0"
"10687", "0.25"
"10687", "0.25"
"10688", "0"
"10688", "0.1"
"10688", "0.1"
"10689", "0.25"
"10690", "0.25"
"10690", "0.25"
"10691", "0"
"10691", "0"
"10691", "0"
"10691", "0"
"10691", "0"
"10692", "0"
"10693", "0"
"10693", "0.15"
"10693", "0.15"
"10693", "0.15"
"10694", "0"
"10694", "0"
"10694", "0"
"10695", "0"
"10695", "0"
"10695", "0"
"10696", "0"
"10696", "0"
"10697", "0.25"
"10697", "0.25"
"10697", "0.25"
"10697", "0.25"
"10698", "0"
"10698", "0.05"
"10698", "0.05"
"10698", "0.05"
"10698", "0.05"
"10699", "0"
"10700", "0.2"
"10700", "0.2"
"10700", "0.2"
"10700", "0.2"
"10701", "0.15"
"10701", "0.15"
"10701", "0.15"
"10702", "0"
"10702", "0"
"10703", "0"
"10703", "0"
"10703", "0"
"10704", "0"
"10704", "0"
"10704", "0"
"10705", "0"
"10705", "0"
"10706", "0"
"10706", "0"
"10706", "0"
"10707", "0"
"10707", "0"
"10707", "0.15"
"10708", "0"
"10708", "0"
"10709", "0"
"10709", "0"
"10709", "0"
"10710", "0"
"10710", "0"
"10711", "0"
"10711", "0"
"10711", "0"
"10712", "0"
"10712", "0.05"
"10713", "0"
"10713", "0"
"10713", "0"
"10713", "0"
"10714", "0.25"
"10714", "0.25"
"10714", "0.25"
"10714", "0.25"
"10714", "0.25"
"10715", "0"
"10715", "0"
"10716", "0"
"10716", "0"
"10716", "0"
"10717", "0"
"10717", "0.05"
"10717", "0.05"
"10718", "0"
"10718", "0"
"10718", "0"
"10718", "0"
"10719", "0.25"
"10719", "0.25"
"10719", "0.25"
"10720", "0"
"10720", "0"
"10721", "0.05"
"10722", "0"
"10722", "0"
"10722", "0"
"10722", "0"
"10723", "0"
"10724", "0"
"10724", "0"
"10725", "0"
"10725", "0"
"10725", "0"
"10726", "0"
"10726", "0"
"10727", "0.05"
"10727", "0.05"
"10727", "0.05"
"10728", "0"
"10728", "0"
"10728", "0"
"10728", "0"
"10729", "0"
"10729", "0"
"10729", "0"
"10730", "0.05"
"10730", "0.05"
"10730", "0.05"
"10731", "0.05"
"10731", "0.05"
"10732", "0"
"10733", "0"
"10733", "0"
"10733", "0"
"10734", "0"
"10734", "0"
"10734", "0"
"10735", "0.1"
"10735", "0.1"
"10736", "0"
"10736", "0"
"10737", "0"
"10737", "0"
"10738", "0"
"10739", "0"
"10739", "0"
"10740", "0.2"
"10740", "0.2"
"10740", "0.2"
"10740", "0.2"
"10741", "0.2"
"10742", "0"
"10742", "0"
"10742", "0"
"10743", "0.05"
"10744", "0.2"
"10745", "0"
"10745", "0"
"10745", "0"
"10745", "0"
"10746", "0"
"10746", "0"
"10746", "0"
"10746", "0"
"10747", "0"
"10747", "0"
"10747", "0"
"10747", "0"
"10748", "0"
"10748", "0"
"10748", "0"
"10749", "0"
"10749", "0"
"10749", "0"
"10750", "0.15"
"10750", "0.15"
"10750", "0.15"
"10751", "0"
"10751", "0"
"10751", "0.1"
"10751", "0.1"
"10752", "0"
"10752", "0"
"10753", "0"
"10753", "0"
"10754", "0"
"10755", "0.25"
"10755", "0.25"
"10755", "0.25"
"10755", "0.25"
"10756", "0.2"
"10756", "0.2"
"10756", "0.2"
"10756", "0.2"
"10757", "0"
"10757", "0"
"10757", "0"
"10757", "0"
"10758", "0"
"10758", "0"
"10758", "0"
"10759", "0"
"10760", "0"
"10760", "0.25"
"10760", "0.25"
"10761", "0"
"10761", "0.25"
"10762", "0"
"10762", "0"
"10762", "0"
"10762", "0"
"10763", "0"
"10763", "0"
"10763", "0"
"10764", "0.1"
"10764", "0.1"
"10765", "0.1"
"10766", "0"
"10766", "0"
"10766", "0"
"10767", "0"
"10768", "0"
"10768", "0"
"10768", "0"
"10768", "0"
"10769", "0"
"10769", "0"
"10769", "0.05"
"10769", "0.05"
"10770", "0.25"
"10771", "0"
"10772", "0"
"10772", "0"
"10773", "0"
"10773", "0.2"
"10773", "0.2"
"10774", "0"
"10774", "0.25"
"10775", "0"
"10775", "0"
"10776", "0.05"
"10776", "0.05"
"10776", "0.05"
"10776", "0.05"
"10777", "0.2"
"10778", "0"
"10779", "0"
"10779", "0"
"10780", "0"
"10780", "0"
"10781", "0"
"10781", "0.2"
"10781", "0.2"
"10782", "0"
"10783", "0"
"10783", "0"
"10784", "0"
"10784", "0.15"
"10784", "0.15"
"10785", "0"
"10785", "0"
"10786", "0.2"
"10786", "0.2"
"10786", "0.2"
"10787", "0.05"
"10787", "0.05"
"10788", "0.05"
"10788", "0.05"
"10789", "0"
"10789", "0"
"10789", "0"
"10789", "0"
"10790", "0.15"
"10790", "0.15"
"10791", "0.05"
"10791", "0.05"
"10792", "0"
"10792", "0"
"10792", "0"
"10793", "0"
"10793", "0"
"10794", "0.2"
"10794", "0.2"
"10795", "0"
"10795", "0.25"
"10796", "0"
"10796", "0.2"
"10796", "0.2"
"10796", "0.2"
"10797", "0"
"10798", "0"
"10798", "0"
"10799", "0"
"10799", "0.15"
"10799", "0.15"
"10800", "0.1"
"10800", "0.1"
"10800", "0.1"
"10801", "0.25"
"10801", "0.25"
"10802", "0.25"
"10802", "0.25"
"10802", "0.25"
"10802", "0.25"
"10803", "0.05"
"10803", "0.05"
"10803", "0.05"
"10804", "0"
"10804", "0"
"10804", "0.15"
"10805", "0"
"10805", "0"
"10806", "0"
"10806", "0.25"
"10806", "0.25"
"10807", "0"
"10808", "0.15"
"10808", "0.15"
"10809", "0"
"10810", "0"
"10810", "0"
"10810", "0"
"10811", "0"
"10811", "0"
"10811", "0"
"10812", "0"
"10812", "0.1"
"10812", "0.1"
"10813", "0"
"10813", "0.2"
"10814", "0"
"10814", "0.15"
"10814", "0.15"
"10814", "0.15"
"10815", "0"
"10816", "0.05"
"10816", "0.05"
"10817", "0"
"10817", "0.15"
"10817", "0.15"
"10817", "0.15"
"10818", "0"
"10818", "0"
"10819", "0"
"10819", "0"
"10820", "0"
"10821", "0"
"10821", "0"
"10822", "0"
"10822", "0"
"10823", "0"
"10823", "0.1"
"10823", "0.1"
"10823", "0.1"
"10824", "0"
"10824", "0"
"10825", "0"
"10825", "0"
"10826", "0"
"10826", "0"
"10827", "0"
"10827", "0"
"10828", "0"
"10828", "0"
"10829", "0"
"10829", "0"
"10829", "0"
"10829", "0"
"10830", "0"
"10830", "0"
"10830", "0"
"10830", "0"
"10831", "0"
"10831", "0"
"10831", "0"
"10831", "0"
"10832", "0"
"10832", "0.2"
"10832", "0.2"
"10832", "0.2"
"10833", "0.1"
"10833", "0.1"
"10833", "0.1"
"10834", "0.05"
"10834", "0.05"
"10835", "0"
"10835", "0.2"
"10836", "0"
"10836", "0"
"10836", "0"
"10836", "0"
"10836", "0"
"10837", "0"
"10837", "0"
"10837", "0.25"
"10837", "0.25"
"10838", "0.25"
"10838", "0.25"
"10838", "0.25"
"10839", "0.1"
"10839", "0.1"
"10840", "0.2"
"10840", "0.2"
"10841", "0"
"10841", "0"
"10841", "0"
"10841", "0"
"10842", "0"
"10842", "0"
"10842", "0"
"10842", "0"
"10843", "0.25"
"10844", "0"
"10845", "0"
"10845", "0.1"
"10845", "0.1"
"10845", "0.1"
"10845", "0.1"
"10846", "0"
"10846", "0"
"10846", "0"
"10847", "0.2"
"10847", "0.2"
"10847", "0.2"
"10847", "0.2"
"10847", "0.2"
"10847", "0.2"
"10848", "0"
"10848", "0"
"10849", "0"
"10849", "0.15"
"10850", "0.15"
"10850", "0.15"
"10850", "0.15"
"10851", "0.05"
"10851", "0.05"
"10851", "0.05"
"10851", "0.05"
"10852", "0"
"10852", "0"
"10852", "0"
"10853", "0"
"10854", "0.15"
"10854", "0.15"
"10855", "0"
"10855", "0"
"10855", "0"
"10855", "0.15"
"10856", "0"
"10856", "0"
"10857", "0"
"10857", "0.25"
"10857", "0.25"
"10858", "0"
"10858", "0"
"10858", "0"
"10859", "0.25"
"10859", "0.25"
"10859", "0.25"
"10860", "0"
"10860", "0"
"10861", "0"
"10861", "0"
"10861", "0"
"10861", "0"
"10861", "0"
"10862", "0"
"10862", "0"
"10863", "0.15"
"10863", "0.15"
"10864", "0"
"10864", "0"
"10865", "0.05"
"10865", "0.05"
"10866", "0.25"
"10866", "0.25"
"10866", "0.25"
"10867", "0"
"10868", "0"
"10868", "0"
"10868", "0.1"
"10869", "0"
"10869", "0"
"10869", "0"
"10869", "0"
"10870", "0"
"10870", "0"
"10871", "0.05"
"10871", "0.05"
"10871", "0.05"
"10872", "0.05"
"10872", "0.05"
"10872", "0.05"
"10872", "0.05"
"10873", "0"
"10873", "0"
"10874", "0"
"10875", "0"
"10875", "0"
"10875", "0.1"
"10876", "0"
"10876", "0"
"10877", "0"
"10877", "0.25"
"10878", "0.05"
"10879", "0"
"10879", "0"
"10879", "0"
"10880", "0.2"
"10880", "0.2"
"10880", "0.2"
"10881", "0"
"10882", "0"
"10882", "0.15"
"10882", "0.15"
"10883", "0"
"10884", "0.05"
"10884", "0.05"
"10884", "0.05"
"10885", "0"
"10885", "0"
"10885", "0"
"10885", "0"
"10886", "0"
"10886", "0"
"10886", "0"
"10887", "0"
"10888", "0"
"10888", "0"
"10889", "0"
"10889", "0"
"10890", "0"
"10890", "0"
"10890", "0"
"10891", "0.05"
"10892", "0.05"
"10893", "0"
"10893", "0"
"10893", "0"
"10893", "0"
"10893", "0"
"10894", "0.05"
"10894", "0.05"
"10894", "0.05"
"10895", "0"
"10895", "0"
"10895", "0"
"10895", "0"
"10896", "0"
"10896", "0"
"10897", "0"
"10897", "0"
"10898", "0"
"10899", "0.15"
"10900", "0.25"
"10901", "0"
"10901", "0"
"10902", "0.15"
"10902", "0.15"
"10903", "0"
"10903", "0"
"10903", "0"
"10904", "0"
"10904", "0"
"10905", "0.05"
"10906", "0"
"10907", "0"
"10908", "0.05"
"10908", "0.05"
"10909", "0"
"10909", "0"
"10909", "0"
"10910", "0"
"10910", "0"
"10910", "0"
"10911", "0"
"10911", "0"
"10911", "0"
"10912", "0.25"
"10912", "0.25"
"10913", "0"
"10913", "0.25"
"10913", "0.25"
"10914", "0"
"10915", "0"
"10915", "0"
"10915", "0"
"10916", "0"
"10916", "0"
"10916", "0"
"10917", "0"
"10917", "0"
"10918", "0.25"
"10918", "0.25"
"10919", "0"
"10919", "0"
"10919", "0"
"10920", "0"
"10921", "0"
"10921", "0"
"10922", "0"
"10922", "0"
"10923", "0.2"
"10923", "0.2"
"10923", "0.2"
"10924", "0"
"10924", "0.1"
"10924", "0.1"
"10925", "0.15"
"10925", "0.15"
"10926", "0"
"10926", "0"
"10926", "0"
"10926", "0"
"10927", "0"
"10927", "0"
"10927", "0"
"10928", "0"
"10928", "0"
"10929", "0"
"10929", "0"
"10929", "0"
"10930", "0"
"10930", "0"
"10930", "0.2"
"10930", "0.2"
"10931", "0"
"10931", "0.15"
"10932", "0"
"10932", "0.1"
"10932", "0.1"
"10932", "0.1"
"10933", "0"
"10933", "0"
"10934", "0"
"10935", "0"
"10935", "0.25"
"10935", "0.25"
"10936", "0.2"
"10937", "0"
"10937", "0"
"10938", "0.25"
"10938", "0.25"
"10938", "0.25"
"10938", "0.25"
"10939", "0.15"
"10939", "0.15"
"10940", "0"
"10940", "0"
"10941", "0"
"10941", "0.25"
"10941", "0.25"
"10941", "0.25"
"10942", "0"
"10943", "0"
"10943", "0"
"10943", "0"
"10944", "0"
"10944", "0.25"
"10944", "0.25"
"10945", "0"
"10945", "0"
"10946", "0"
"10946", "0"
"10946", "0"
"10947", "0"
"10948", "0"
"10948", "0"
"10948", "0"
"10949", "0"
"10949", "0"
"10949", "0"
"10949", "0"
"10950", "0"
"10951", "0.05"
"10951", "0.05"
"10951", "0.05"
"10952", "0"
"10952", "0.05"
"10953", "0.05"
"10953", "0.05"
"10954", "0"
"10954", "0.15"
"10954", "0.15"
"10954", "0.15"
"10955", "0.2"
"10956", "0"
"10956", "0"
"10956", "0"
"10957", "0"
"10957", "0"
"10957", "0"
"10958", "0"
"10958", "0"
"10958", "0"
"10959", "0.15"
"10960", "0"
"10960", "0.25"
"10961", "0"
"10961", "0.05"
"10962", "0"
"10962", "0"
"10962", "0"
"10962", "0"
"10962", "0"
"10963", "0.15"
"10964", "0"
"10964", "0"
"10964", "0"
"10965", "0"
"10966", "0"
"10966", "0.15"
"10966", "0.15"
"10967", "0"
"10967", "0"
"10968", "0"
"10968", "0"
"10968", "0"
"10969", "0"
"10970", "0.2"
"10971", "0"
"10972", "0"
"10972", "0"
"10973", "0"
"10973", "0"
"10973", "0"
"10974", "0"
"10975", "0"
"10975", "0"
"10976", "0"
"10977", "0"
"10977", "0"
"10977", "0"
"10977", "0"
"10978", "0"
"10978", "0.15"
"10978", "0.15"
"10978", "0.15"
"10979", "0"
"10979", "0"
"10979", "0"
"10979", "0"
"10979", "0"
"10979", "0"
"10980", "0.2"
"10981", "0"
"10982", "0"
"10982", "0"
"10983", "0"
"10983", "0.15"
"10984", "0"
"10984", "0"
"10984", "0"
"10985", "0.1"
"10985", "0.1"
"10985", "0.1"
"10986", "0"
"10986", "0"
"10986", "0"
"10986", "0"
"10987", "0"
"10987", "0"
"10987", "0"
"10988", "0"
"10988", "0.1"
"10989", "0"
"10989", "0"
"10989", "0"
"10990", "0"
"10990", "0.15"
"10990", "0.15"
"10990", "0.15"
"10991", "0.2"
"10991", "0.2"
"10991", "0.2"
"10992", "0"
"10993", "0.25"
"10993", "0.25"
"10994", "0.05"
"10995", "0"
"10995", "0"
"10996", "0"
"10997", "0"
"10997", "0.25"
"10997", "0.25"
"10998", "0"
"10998", "0"
"10998", "0"
"10998", "0"
"10999", "0.05"
"10999", "0.05"
"10999", "0.05"
"11000", "0"
"11000", "0.25"
"11000", "0.25"
"11001", "0"
"11001", "0"
"11001", "0"
"11001", "0"
"11002", "0"
"11002", "0"
"11002", "0.15"
"11002", "0.15"
"11003", "0"
"11003", "0"
"11003", "0"
"11004", "0"
"11004", "0"
"11005", "0"
"11005", "0"
"11006", "0"
"11006", "0.25"
"11007", "0"
"11007", "0"
"11007", "0"
"11008", "0"
"11008", "0.05"
"11008", "0.05"
"11009", "0"
"11009", "0"
"11009", "0.25"
"11010", "0"
"11010", "0"
"11011", "0"
"11011", "0.05"
"11012", "0.05"
"11012", "0.05"
"11012", "0.05"
"11013", "0"
"11013", "0"
"11013", "0"
"11013", "0"
"11014", "0.1"
"11015", "0"
"11015", "0"
"11016", "0"
"11016", "0"
"11017", "0"
"11017", "0"
"11017", "0"
"11018", "0"
"11018", "0"
"11018", "0"
"11019", "0"
"11019", "0"
"11020", "0.15"
"11021", "0"
"11021", "0"
"11021", "0"
"11021", "0.25"
"11021", "0.25"
"11022", "0"
"11022", "0"
"11023", "0"
"11023", "0"
"11024", "0"
"11024", "0"
"11024", "0"
"11024", "0"
"11025", "0.1"
"11025", "0.1"
"11026", "0"
"11026", "0"
"11027", "0.25"
"11027", "0.25"
"11028", "0"
"11028", "0"
"11029", "0"
"11029", "0"
"11030", "0"
"11030", "0.25"
"11030", "0.25"
"11030", "0.25"
"11031", "0"
"11031", "0"
"11031", "0"
"11031", "0"
"11031", "0"
"11032", "0"
"11032", "0"
"11032", "0"
"11033", "0.1"
"11033", "0.1"
"11034", "0"
"11034", "0"
"11034", "0.1"
"11035", "0"
"11035", "0"
"11035", "0"
"11035", "0"
"11036", "0"
"11036", "0"
"11037", "0"
"11038", "0"
"11038", "0"
"11038", "0.2"
"11039", "0"
"11039", "0"
"11039", "0"
"11039", "0"
"11040", "0"
"11041", "0"
"11041", "0.2"
"11042", "0"
"11042", "0"
"11043", "0"
"11044", "0"
"11045", "0"
"11045", "0"
"11046", "0.05"
"11046", "0.05"
"11046", "0.05"
"11047", "0.25"
"11047", "0.25"
"11048", "0"
"11049", "0.2"
"11049", "0.2"
"11050", "0.1"
"11051", "0.2"
"11052", "0.2"
"11052", "0.2"
"11053", "0"
"11053", "0.2"
"11053", "0.2"
"11054", "0"
"11054", "0"
"11055", "0"
"11055", "0"
"11055", "0"
"11055", "0"
"11056", "0"
"11056", "0"
"11056", "0"
"11057", "0"
"11058", "0"
"11058", "0"
"11058", "0"
"11059", "0"
"11059", "0"
"11059", "0"
"11060", "0"
"11060", "0"
"11061", "0"
"11062", "0.2"
"11062", "0.2"
"11063", "0"
"11063", "0.1"
"11063", "0.1"
"11064", "0"
"11064", "0"
"11064", "0.1"
"11064", "0.1"
"11064", "0.1"
"11065", "0.25"
"11065", "0.25"
"11066", "0"
"11066", "0"
"11066", "0"
"11067", "0"
"11068", "0.15"
"11068", "0.15"
"11068", "0.15"
"11069", "0"
"11070", "0"
"11070", "0.15"
"11070", "0.15"
"11070", "0.15"
"11071", "0.05"
"11071", "0.05"
"11072", "0"
"11072", "0"
"11072", "0"
"11072", "0"
"11073", "0"
"11073", "0"
"11074", "0.05"
"11075", "0.15"
"11075", "0.15"
"11075", "0.15"
"11076", "0.25"
"11076", "0.25"
"11076", "0.25"
"11077", "0"
"11077", "0"
"11077", "0"
"11077", "0"
"11077", "0"
"11077", "0"
"11077", "0"
"11077", "0"
"11077", "0"
"11077", "0"
"11077", "0"
"11077", "0"
"11077", "0.01"
"11077", "0.02"
"11077", "0.02"
"11077", "0.03"
"11077", "0.03"
"11077", "0.03"
"11077", "0.04"
"11077", "0.05"
"11077", "0.05"
"11077", "0.05"
"11077", "0.06"
"11077", "0.1"
"11077", "0.2"
