"Id", "unit_price_int"
"10248", "10"
"10248", "14"
"10248", "35"
"10249", "19"
"10249", "42"
"10250", "17"
"10250", "42"
"10250", "8"
"10251", "16"
"10251", "17"
"10251", "17"
"10252", "2"
"10252", "27"
"10252", "65"
"10253", "10"
"10253", "14"
"10253", "16"
"10254", "19"
"10254", "4"
"10254", "8"
"10255", "14"
"10255", "15"
"10255", "15"
"10255", "44"
"10256", "10"
"10256", "26"
"10257", "10"
"10257", "14"
"10257", "35"
"10258", "15"
"10258", "17"
"10258", "26"
"10259", "21"
"10259", "8"
"10260", "12"
"10260", "16"
"10260", "39"
"10260", "8"
"10261", "14"
"10261", "8"
"10262", "17"
"10262", "24"
"10262", "30"
"10263", "14"
"10263", "21"
"10263", "4"
"10263", "8"
"10264", "15"
"10264", "8"
"10265", "12"
"10265", "31"
"10266", "30"
"10267", "14"
"10267", "15"
"10267", "44"
"10268", "28"
"10268", "99"
"10269", "2"
"10269", "28"
"10270", "15"
"10270", "37"
"10271", "2"
"10272", "10"
"10272", "28"
"10272", "65"
"10273", "10"
"10273", "14"
"10273", "15"
"10273", "2"
"10273", "25"
"10274", "17"
"10274", "28"
"10275", "4"
"10275", "44"
"10276", "25"
"10276", "5"
"10277", "36"
"10277", "39"
"10278", "12"
"10278", "16"
"10278", "35"
"10278", "44"
"10279", "31"
"10280", "19"
"10280", "4"
"10280", "6"
"10281", "14"
"10281", "4"
"10281", "7"
"10282", "16"
"10282", "21"
"10283", "12"
"10283", "27"
"10283", "28"
"10283", "7"
"10284", "11"
"10284", "16"
"10284", "27"
"10284", "35"
"10285", "14"
"10285", "15"
"10285", "26"
"10286", "14"
"10286", "39"
"10287", "10"
"10287", "11"
"10287", "14"
"10288", "10"
"10288", "6"
"10289", "27"
"10289", "8"
"10290", "10"
"10290", "16"
"10290", "17"
"10290", "99"
"10291", "16"
"10291", "42"
"10291", "5"
"10292", "65"
"10293", "35"
"10293", "4"
"10293", "50"
"10293", "6"
"10294", "14"
"10294", "27"
"10294", "31"
"10294", "37"
"10294", "6"
"10295", "30"
"10296", "14"
"10296", "17"
"10296", "29"
"10297", "14"
"10297", "28"
"10298", "15"
"10298", "15"
"10298", "39"
"10298", "44"
"10299", "12"
"10299", "7"
"10300", "10"
"10300", "14"
"10301", "15"
"10301", "30"
"10302", "31"
"10302", "36"
"10302", "37"
"10303", "10"
"10303", "15"
"10303", "17"
"10304", "16"
"10304", "17"
"10304", "44"
"10305", "14"
"10305", "50"
"10305", "99"
"10306", "21"
"10306", "26"
"10306", "6"
"10307", "10"
"10307", "39"
"10308", "12"
"10308", "29"
"10309", "11"
"10309", "17"
"10309", "18"
"10309", "20"
"10309", "37"
"10310", "14"
"10310", "39"
"10311", "11"
"10311", "29"
"10312", "26"
"10312", "36"
"10312", "37"
"10312", "6"
"10313", "15"
"10314", "11"
"10314", "26"
"10314", "39"
"10315", "11"
"10315", "12"
"10316", "39"
"10316", "8"
"10317", "14"
"10318", "14"
"10318", "8"
"10319", "14"
"10319", "31"
"10319", "36"
"10320", "17"
"10321", "14"
"10322", "6"
"10323", "11"
"10323", "12"
"10323", "14"
"10324", "10"
"10324", "14"
"10324", "14"
"10324", "35"
"10324", "44"
"10325", "10"
"10325", "19"
"10325", "20"
"10325", "28"
"10325", "5"
"10326", "16"
"10326", "18"
"10326", "6"
"10327", "11"
"10327", "15"
"10327", "17"
"10327", "21"
"10328", "10"
"10328", "17"
"10328", "44"
"10329", "21"
"10329", "211"
"10329", "30"
"10329", "7"
"10330", "25"
"10330", "28"
"10331", "6"
"10332", "11"
"10332", "50"
"10332", "8"
"10333", "17"
"10333", "19"
"10333", "8"
"10334", "10"
"10334", "6"
"10335", "10"
"10335", "15"
"10335", "26"
"10335", "42"
"10336", "18"
"10337", "15"
"10337", "21"
"10337", "25"
"10337", "28"
"10337", "7"
"10338", "21"
"10338", "31"
"10339", "18"
"10339", "31"
"10339", "39"
"10340", "37"
"10340", "50"
"10340", "8"
"10341", "2"
"10341", "44"
"10342", "10"
"10342", "15"
"10342", "15"
"10342", "19"
"10343", "10"
"10343", "14"
"10343", "27"
"10344", "18"
"10344", "32"
"10345", "11"
"10345", "32"
"10345", "7"
"10346", "30"
"10346", "31"
"10347", "11"
"10347", "14"
"10347", "15"
"10347", "6"
"10348", "14"
"10348", "7"
"10349", "6"
"10350", "13"
"10350", "29"
"10351", "16"
"10351", "17"
"10351", "211"
"10351", "8"
"10352", "4"
"10352", "6"
"10353", "17"
"10353", "211"
"10354", "14"
"10354", "99"
"10355", "16"
"10355", "4"
"10356", "10"
"10356", "19"
"10356", "29"
"10357", "25"
"10357", "25"
"10357", "27"
"10358", "11"
"10358", "15"
"10358", "4"
"10359", "10"
"10359", "14"
"10359", "27"
"10360", "16"
"10360", "211"
"10360", "36"
"10360", "6"
"10360", "99"
"10361", "14"
"10361", "27"
"10362", "11"
"10362", "42"
"10362", "6"
"10363", "10"
"10363", "14"
"10363", "6"
"10364", "17"
"10364", "29"
"10365", "17"
"10366", "10"
"10366", "17"
"10367", "10"
"10367", "11"
"10367", "17"
"10367", "6"
"10368", "16"
"10368", "27"
"10368", "36"
"10368", "8"
"10369", "30"
"10369", "99"
"10370", "14"
"10370", "27"
"10370", "8"
"10371", "15"
"10372", "211"
"10372", "27"
"10372", "28"
"10372", "65"
"10373", "11"
"10373", "17"
"10374", "10"
"10374", "11"
"10375", "19"
"10375", "6"
"10376", "10"
"10377", "14"
"10377", "36"
"10378", "17"
"10379", "17"
"10379", "35"
"10379", "8"
"10380", "12"
"10380", "21"
"10380", "26"
"10380", "27"
"10381", "8"
"10382", "17"
"10382", "2"
"10382", "50"
"10382", "8"
"10382", "99"
"10383", "13"
"10383", "30"
"10383", "5"
"10384", "27"
"10384", "65"
"10385", "10"
"10385", "24"
"10385", "27"
"10386", "11"
"10386", "4"
"10387", "17"
"10387", "36"
"10387", "4"
"10387", "44"
"10388", "26"
"10388", "6"
"10388", "8"
"10389", "12"
"10389", "19"
"10389", "25"
"10389", "39"
"10390", "10"
"10390", "10"
"10390", "14"
"10390", "28"
"10391", "5"
"10392", "29"
"10393", "10"
"10393", "11"
"10393", "15"
"10393", "19"
"10393", "25"
"10394", "39"
"10394", "5"
"10395", "10"
"10395", "26"
"10395", "29"
"10396", "17"
"10396", "28"
"10396", "7"
"10397", "42"
"10397", "8"
"10398", "14"
"10398", "19"
"10399", "10"
"10399", "10"
"10399", "14"
"10399", "17"
"10400", "14"
"10400", "16"
"10400", "99"
"10401", "17"
"10401", "17"
"10401", "21"
"10401", "30"
"10402", "35"
"10402", "7"
"10403", "10"
"10403", "14"
"10404", "11"
"10404", "16"
"10404", "25"
"10405", "8"
"10406", "14"
"10406", "15"
"10406", "15"
"10406", "36"
"10406", "8"
"10407", "17"
"10407", "17"
"10407", "29"
"10408", "21"
"10408", "39"
"10408", "6"
"10409", "19"
"10409", "8"
"10410", "2"
"10410", "44"
"10411", "16"
"10411", "44"
"10411", "8"
"10412", "19"
"10413", "14"
"10413", "14"
"10413", "39"
"10414", "2"
"10414", "7"
"10415", "2"
"10415", "31"
"10416", "16"
"10416", "26"
"10416", "7"
"10417", "10"
"10417", "10"
"10417", "10"
"10417", "211"
"10418", "15"
"10418", "23"
"10418", "8"
"10418", "8"
"10419", "27"
"10419", "29"
"10420", "12"
"10420", "12"
"10420", "5"
"10420", "78"
"10421", "10"
"10421", "25"
"10421", "26"
"10421", "7"
"10422", "25"
"10423", "10"
"10423", "44"
"10424", "10"
"10424", "14"
"10424", "211"
"10425", "14"
"10425", "19"
"10426", "27"
"10426", "30"
"10427", "19"
"10428", "10"
"10429", "13"
"10429", "35"
"10430", "30"
"10430", "31"
"10430", "44"
"10430", "8"
"10431", "15"
"10431", "31"
"10431", "8"
"10432", "25"
"10432", "6"
"10433", "30"
"10434", "14"
"10434", "17"
"10435", "15"
"10435", "17"
"10435", "28"
"10436", "10"
"10436", "27"
"10436", "30"
"10436", "6"
"10437", "26"
"10438", "11"
"10438", "16"
"10438", "7"
"10439", "14"
"10439", "27"
"10439", "30"
"10439", "8"
"10440", "14"
"10440", "15"
"10440", "23"
"10440", "99"
"10441", "35"
"10442", "14"
"10442", "17"
"10442", "6"
"10443", "17"
"10443", "36"
"10444", "14"
"10444", "25"
"10444", "31"
"10444", "8"
"10445", "14"
"10445", "6"
"10446", "10"
"10446", "4"
"10446", "6"
"10446", "7"
"10447", "17"
"10447", "17"
"10447", "7"
"10448", "15"
"10448", "25"
"10449", "25"
"10449", "39"
"10449", "6"
"10450", "25"
"10450", "6"
"10451", "10"
"10451", "17"
"10451", "19"
"10451", "27"
"10452", "16"
"10452", "36"
"10453", "10"
"10453", "12"
"10454", "10"
"10454", "14"
"10454", "2"
"10455", "14"
"10455", "17"
"10455", "23"
"10455", "26"
"10456", "16"
"10456", "8"
"10457", "44"
"10458", "17"
"10458", "25"
"10458", "30"
"10458", "36"
"10458", "37"
"10459", "10"
"10459", "24"
"10459", "28"
"10460", "10"
"10460", "6"
"10461", "19"
"10461", "21"
"10461", "8"
"10462", "5"
"10462", "7"
"10463", "11"
"10463", "7"
"10464", "18"
"10464", "27"
"10464", "30"
"10464", "37"
"10465", "13"
"10465", "15"
"10465", "4"
"10465", "8"
"10465", "99"
"10466", "10"
"10466", "17"
"10467", "11"
"10467", "4"
"10468", "21"
"10468", "37"
"10469", "14"
"10469", "15"
"10469", "16"
"10470", "27"
"10470", "50"
"10470", "7"
"10471", "24"
"10471", "30"
"10472", "4"
"10472", "42"
"10473", "17"
"10473", "2"
"10474", "15"
"10474", "19"
"10474", "36"
"10474", "6"
"10475", "10"
"10475", "14"
"10475", "14"
"10476", "12"
"10476", "19"
"10477", "14"
"10477", "14"
"10477", "8"
"10478", "25"
"10479", "211"
"10479", "26"
"10479", "27"
"10479", "44"
"10480", "44"
"10480", "8"
"10481", "16"
"10481", "27"
"10482", "15"
"10483", "10"
"10483", "11"
"10484", "15"
"10484", "42"
"10484", "8"
"10485", "12"
"10485", "15"
"10485", "19"
"10485", "8"
"10486", "17"
"10486", "42"
"10486", "8"
"10487", "25"
"10487", "6"
"10487", "7"
"10488", "12"
"10488", "44"
"10489", "14"
"10489", "17"
"10490", "10"
"10490", "44"
"10490", "6"
"10491", "10"
"10491", "16"
"10492", "11"
"10492", "11"
"10493", "14"
"10493", "17"
"10493", "29"
"10494", "30"
"10495", "10"
"10495", "7"
"10495", "8"
"10496", "10"
"10497", "10"
"10497", "28"
"10497", "30"
"10498", "14"
"10498", "18"
"10498", "5"
"10499", "20"
"10499", "46"
"10500", "16"
"10500", "46"
"10501", "7"
"10502", "10"
"10502", "14"
"10502", "33"
"10503", "21"
"10503", "23"
"10504", "10"
"10504", "19"
"10504", "29"
"10504", "33"
"10505", "49"
"10506", "14"
"10506", "15"
"10507", "13"
"10507", "46"
"10508", "18"
"10508", "6"
"10509", "46"
"10510", "124"
"10510", "8"
"10511", "22"
"10511", "30"
"10511", "40"
"10512", "10"
"10512", "12"
"10512", "34"
"10512", "5"
"10513", "10"
"10513", "29"
"10513", "32"
"10514", "21"
"10514", "38"
"10514", "46"
"10514", "8"
"10514", "81"
"10515", "17"
"10515", "3"
"10515", "34"
"10515", "44"
"10515", "97"
"10516", "10"
"10516", "14"
"10516", "63"
"10517", "15"
"10517", "55"
"10517", "7"
"10518", "19"
"10518", "264"
"10518", "5"
"10519", "31"
"10519", "34"
"10519", "38"
"10520", "33"
"10520", "5"
"10521", "10"
"10521", "13"
"10521", "18"
"10522", "18"
"10522", "18"
"10522", "26"
"10522", "40"
"10523", "10"
"10523", "26"
"10523", "39"
"10523", "81"
"10524", "26"
"10524", "31"
"10524", "46"
"10524", "7"
"10525", "18"
"10525", "19"
"10526", "18"
"10526", "38"
"10526", "6"
"10527", "19"
"10527", "22"
"10528", "21"
"10528", "3"
"10528", "35"
"10529", "13"
"10529", "24"
"10529", "36"
"10530", "18"
"10530", "29"
"10530", "39"
"10530", "46"
"10531", "55"
"10532", "17"
"10532", "26"
"10533", "15"
"10533", "22"
"10533", "35"
"10534", "18"
"10534", "26"
"10534", "7"
"10535", "18"
"10535", "20"
"10535", "21"
"10535", "55"
"10536", "13"
"10536", "3"
"10536", "34"
"10536", "38"
"10537", "13"
"10537", "13"
"10537", "15"
"10537", "35"
"10537", "53"
"10538", "15"
"10538", "35"
"10539", "10"
"10539", "20"
"10539", "3"
"10539", "6"
"10540", "10"
"10540", "13"
"10540", "264"
"10540", "31"
"10541", "21"
"10541", "22"
"10541", "264"
"10541", "5"
"10542", "21"
"10542", "7"
"10543", "38"
"10543", "9"
"10544", "14"
"10544", "46"
"10545", "21"
"10546", "18"
"10546", "30"
"10546", "49"
"10547", "19"
"10547", "32"
"10548", "10"
"10548", "14"
"10549", "10"
"10549", "13"
"10549", "53"
"10550", "10"
"10550", "29"
"10550", "39"
"10550", "9"
"10551", "17"
"10551", "18"
"10551", "19"
"10552", "36"
"10552", "8"
"10553", "13"
"10553", "17"
"10553", "18"
"10553", "21"
"10553", "21"
"10554", "13"
"10554", "17"
"10554", "49"
"10554", "9"
"10555", "23"
"10555", "38"
"10555", "5"
"10555", "53"
"10555", "9"
"10556", "35"
"10557", "33"
"10557", "8"
"10558", "10"
"10558", "15"
"10558", "33"
"10558", "53"
"10558", "7"
"10559", "10"
"10559", "24"
"10560", "26"
"10560", "49"
"10561", "19"
"10561", "53"
"10562", "3"
"10562", "49"
"10563", "19"
"10563", "7"
"10564", "13"
"10564", "24"
"10564", "39"
"10565", "33"
"10565", "5"
"10566", "18"
"10566", "21"
"10566", "63"
"10567", "13"
"10567", "53"
"10567", "55"
"10568", "31"
"10569", "13"
"10569", "18"
"10570", "21"
"10570", "38"
"10571", "14"
"10571", "23"
"10572", "17"
"10572", "18"
"10572", "32"
"10572", "8"
"10573", "14"
"10573", "33"
"10573", "39"
"10574", "18"
"10574", "3"
"10574", "33"
"10574", "49"
"10575", "18"
"10575", "35"
"10575", "44"
"10575", "55"
"10576", "13"
"10576", "18"
"10576", "19"
"10577", "13"
"10577", "18"
"10577", "8"
"10578", "18"
"10578", "20"
"10579", "16"
"10579", "8"
"10580", "10"
"10580", "21"
"10580", "23"
"10581", "8"
"10582", "18"
"10582", "20"
"10583", "124"
"10583", "34"
"10583", "36"
"10584", "13"
"10585", "10"
"10586", "7"
"10587", "13"
"10587", "18"
"10587", "31"
"10588", "14"
"10588", "63"
"10589", "18"
"10590", "13"
"10590", "18"
"10591", "10"
"10591", "30"
"10591", "7"
"10592", "16"
"10592", "31"
"10593", "18"
"10593", "36"
"10593", "81"
"10594", "13"
"10594", "7"
"10595", "18"
"10595", "29"
"10595", "36"
"10596", "38"
"10596", "44"
"10596", "8"
"10597", "20"
"10597", "21"
"10597", "5"
"10598", "22"
"10598", "44"
"10599", "49"
"10600", "15"
"10600", "7"
"10601", "55"
"10601", "6"
"10602", "13"
"10603", "20"
"10603", "21"
"10604", "13"
"10604", "18"
"10605", "17"
"10605", "22"
"10605", "34"
"10605", "55"
"10606", "22"
"10606", "24"
"10606", "49"
"10607", "18"
"10607", "3"
"10607", "30"
"10607", "35"
"10607", "39"
"10608", "38"
"10609", "10"
"10609", "18"
"10609", "31"
"10610", "19"
"10611", "18"
"10611", "19"
"10611", "34"
"10612", "18"
"10612", "19"
"10612", "20"
"10612", "31"
"10612", "34"
"10613", "6"
"10613", "8"
"10614", "10"
"10614", "18"
"10614", "21"
"10615", "24"
"10616", "15"
"10616", "22"
"10616", "264"
"10616", "38"
"10617", "55"
"10618", "13"
"10618", "25"
"10618", "38"
"10619", "10"
"10619", "21"
"10620", "5"
"10620", "7"
"10621", "15"
"10621", "22"
"10621", "9"
"10621", "9"
"10622", "13"
"10622", "19"
"10623", "10"
"10623", "18"
"10623", "23"
"10623", "5"
"10623", "9"
"10624", "124"
"10624", "19"
"10624", "46"
"10625", "14"
"10625", "23"
"10625", "34"
"10626", "22"
"10626", "33"
"10626", "34"
"10627", "15"
"10627", "49"
"10628", "18"
"10629", "124"
"10629", "33"
"10630", "18"
"10630", "24"
"10631", "8"
"10632", "19"
"10632", "3"
"10633", "31"
"10633", "38"
"10633", "49"
"10633", "6"
"10634", "30"
"10634", "53"
"10634", "63"
"10634", "8"
"10635", "21"
"10635", "21"
"10635", "22"
"10636", "13"
"10636", "22"
"10637", "16"
"10637", "21"
"10637", "38"
"10638", "10"
"10638", "21"
"10638", "35"
"10639", "63"
"10640", "15"
"10640", "36"
"10641", "18"
"10641", "19"
"10642", "10"
"10642", "29"
"10643", "12"
"10643", "18"
"10643", "46"
"10644", "12"
"10644", "46"
"10644", "63"
"10645", "19"
"10645", "63"
"10646", "13"
"10646", "18"
"10646", "22"
"10646", "31"
"10647", "18"
"10647", "9"
"10648", "21"
"10648", "5"
"10649", "35"
"10649", "46"
"10650", "26"
"10650", "33"
"10650", "7"
"10651", "21"
"10651", "9"
"10652", "14"
"10652", "26"
"10653", "17"
"10653", "34"
"10654", "18"
"10654", "22"
"10654", "7"
"10655", "10"
"10656", "10"
"10656", "19"
"10656", "23"
"10657", "10"
"10657", "10"
"10657", "12"
"10657", "16"
"10657", "34"
"10657", "38"
"10658", "10"
"10658", "13"
"10658", "18"
"10658", "34"
"10659", "13"
"10659", "15"
"10659", "18"
"10660", "81"
"10661", "13"
"10661", "18"
"10662", "13"
"10663", "14"
"10663", "18"
"10663", "53"
"10664", "21"
"10664", "31"
"10664", "38"
"10665", "18"
"10665", "53"
"10665", "55"
"10666", "124"
"10666", "21"
"10667", "22"
"10667", "36"
"10668", "13"
"10668", "24"
"10668", "33"
"10669", "19"
"10670", "12"
"10670", "14"
"10670", "15"
"10670", "8"
"10670", "9"
"10671", "17"
"10671", "21"
"10671", "49"
"10672", "22"
"10672", "264"
"10673", "14"
"10673", "17"
"10673", "46"
"10674", "9"
"10675", "13"
"10675", "23"
"10675", "33"
"10676", "19"
"10676", "31"
"10676", "9"
"10677", "3"
"10677", "31"
"10678", "10"
"10678", "3"
"10678", "38"
"10678", "7"
"10679", "55"
"10680", "13"
"10680", "14"
"10680", "17"
"10681", "10"
"10681", "33"
"10681", "9"
"10682", "17"
"10682", "3"
"10682", "8"
"10683", "7"
"10684", "10"
"10684", "18"
"10684", "34"
"10685", "10"
"10685", "10"
"10685", "31"
"10686", "31"
"10686", "39"
"10687", "124"
"10687", "19"
"10687", "97"
"10688", "14"
"10688", "31"
"10688", "46"
"10689", "18"
"10690", "13"
"10690", "38"
"10691", "124"
"10691", "18"
"10691", "19"
"10691", "46"
"10691", "49"
"10692", "44"
"10693", "15"
"10693", "36"
"10693", "7"
"10693", "97"
"10694", "15"
"10694", "30"
"10694", "55"
"10695", "38"
"10695", "40"
"10695", "5"
"10696", "12"
"10696", "39"
"10697", "13"
"10697", "15"
"10697", "18"
"10697", "9"
"10698", "124"
"10698", "15"
"10698", "21"
"10698", "21"
"10698", "39"
"10699", "10"
"10700", "13"
"10700", "14"
"10700", "18"
"10700", "22"
"10701", "18"
"10701", "22"
"10701", "55"
"10702", "10"
"10702", "18"
"10703", "15"
"10703", "19"
"10703", "55"
"10704", "13"
"10704", "22"
"10704", "5"
"10705", "13"
"10705", "32"
"10706", "17"
"10706", "46"
"10706", "55"
"10707", "15"
"10707", "20"
"10707", "24"
"10708", "19"
"10708", "21"
"10709", "34"
"10709", "40"
"10709", "53"
"10710", "10"
"10710", "9"
"10711", "10"
"10711", "33"
"10711", "9"
"10712", "33"
"10712", "38"
"10713", "10"
"10713", "12"
"10713", "31"
"10713", "31"
"10714", "10"
"10714", "13"
"10714", "19"
"10714", "38"
"10714", "39"
"10715", "22"
"10715", "31"
"10716", "10"
"10716", "29"
"10716", "53"
"10717", "10"
"10717", "36"
"10717", "7"
"10718", "17"
"10718", "19"
"10718", "38"
"10718", "49"
"10719", "26"
"10719", "63"
"10719", "7"
"10720", "18"
"10720", "22"
"10721", "19"
"10722", "13"
"10722", "13"
"10722", "19"
"10722", "8"
"10723", "31"
"10724", "29"
"10724", "31"
"10725", "10"
"10725", "24"
"10725", "7"
"10726", "21"
"10726", "22"
"10727", "38"
"10727", "39"
"10727", "55"
"10728", "18"
"10728", "24"
"10728", "26"
"10728", "34"
"10729", "10"
"10729", "16"
"10729", "18"
"10730", "13"
"10730", "17"
"10730", "21"
"10731", "10"
"10731", "53"
"10732", "18"
"10733", "23"
"10733", "46"
"10733", "7"
"10734", "18"
"10734", "25"
"10734", "26"
"10735", "13"
"10735", "29"
"10736", "21"
"10736", "8"
"10737", "10"
"10737", "6"
"10738", "17"
"10739", "19"
"10739", "7"
"10740", "10"
"10740", "18"
"10740", "38"
"10740", "46"
"10741", "19"
"10742", "10"
"10742", "34"
"10742", "35"
"10743", "12"
"10744", "18"
"10745", "19"
"10745", "35"
"10745", "55"
"10745", "63"
"10746", "14"
"10746", "36"
"10746", "49"
"10746", "6"
"10747", "10"
"10747", "13"
"10747", "36"
"10747", "44"
"10748", "18"
"10748", "38"
"10748", "9"
"10749", "18"
"10749", "38"
"10749", "55"
"10750", "10"
"10750", "23"
"10750", "55"
"10751", "15"
"10751", "16"
"10751", "26"
"10751", "31"
"10752", "18"
"10752", "36"
"10753", "10"
"10753", "10"
"10754", "18"
"10755", "10"
"10755", "20"
"10755", "36"
"10755", "38"
"10756", "13"
"10756", "19"
"10756", "36"
"10756", "63"
"10757", "14"
"10757", "33"
"10757", "49"
"10757", "55"
"10758", "15"
"10758", "31"
"10758", "7"
"10759", "32"
"10760", "14"
"10760", "44"
"10760", "46"
"10761", "14"
"10761", "8"
"10762", "10"
"10762", "18"
"10762", "38"
"10762", "53"
"10763", "10"
"10763", "21"
"10763", "5"
"10764", "10"
"10764", "18"
"10765", "21"
"10766", "13"
"10766", "19"
"10766", "30"
"10767", "14"
"10768", "13"
"10768", "21"
"10768", "22"
"10768", "34"
"10769", "10"
"10769", "29"
"10769", "49"
"10769", "7"
"10770", "21"
"10771", "22"
"10772", "124"
"10772", "55"
"10773", "13"
"10773", "39"
"10773", "8"
"10774", "13"
"10774", "17"
"10775", "14"
"10775", "31"
"10776", "10"
"10776", "13"
"10776", "14"
"10776", "53"
"10777", "14"
"10778", "10"
"10779", "17"
"10779", "49"
"10780", "13"
"10780", "15"
"10781", "10"
"10781", "38"
"10781", "7"
"10782", "13"
"10783", "13"
"10783", "264"
"10784", "18"
"10784", "19"
"10784", "35"
"10785", "31"
"10785", "8"
"10786", "26"
"10786", "40"
"10786", "8"
"10787", "124"
"10787", "19"
"10788", "8"
"10788", "9"
"10789", "13"
"10789", "18"
"10789", "44"
"10789", "63"
"10790", "30"
"10790", "38"
"10791", "10"
"10791", "124"
"10792", "13"
"10792", "19"
"10792", "7"
"10793", "10"
"10793", "7"
"10794", "23"
"10794", "7"
"10795", "17"
"10795", "39"
"10796", "19"
"10796", "31"
"10796", "33"
"10796", "36"
"10797", "21"
"10798", "35"
"10798", "49"
"10799", "5"
"10799", "55"
"10799", "6"
"10800", "21"
"10800", "53"
"10800", "7"
"10801", "124"
"10801", "39"
"10802", "24"
"10802", "26"
"10802", "49"
"10802", "53"
"10803", "14"
"10803", "55"
"10803", "9"
"10804", "20"
"10804", "31"
"10804", "46"
"10805", "14"
"10805", "264"
"10806", "10"
"10806", "19"
"10806", "21"
"10807", "18"
"10808", "18"
"10808", "38"
"10809", "7"
"10810", "14"
"10810", "15"
"10810", "6"
"10811", "18"
"10811", "9"
"10811", "9"
"10812", "13"
"10812", "13"
"10812", "35"
"10813", "12"
"10813", "19"
"10814", "10"
"10814", "13"
"10814", "29"
"10814", "46"
"10815", "3"
"10816", "264"
"10816", "49"
"10817", "18"
"10817", "264"
"10817", "31"
"10817", "49"
"10818", "10"
"10818", "32"
"10819", "46"
"10819", "8"
"10820", "38"
"10821", "18"
"10821", "53"
"10822", "15"
"10822", "49"
"10823", "13"
"10823", "20"
"10823", "21"
"10823", "55"
"10824", "10"
"10824", "15"
"10825", "31"
"10825", "33"
"10826", "13"
"10826", "20"
"10827", "18"
"10827", "31"
"10828", "264"
"10828", "81"
"10829", "19"
"10829", "34"
"10829", "40"
"10829", "6"
"10830", "13"
"10830", "18"
"10830", "25"
"10830", "34"
"10831", "18"
"10831", "264"
"10831", "46"
"10831", "9"
"10832", "14"
"10832", "19"
"10832", "33"
"10832", "6"
"10833", "13"
"10833", "30"
"10833", "33"
"10834", "124"
"10834", "26"
"10835", "13"
"10835", "55"
"10836", "18"
"10836", "20"
"10836", "21"
"10836", "33"
"10836", "34"
"10837", "10"
"10837", "18"
"10837", "18"
"10837", "6"
"10838", "18"
"10838", "19"
"10838", "63"
"10839", "13"
"10839", "35"
"10840", "14"
"10840", "18"
"10841", "13"
"10841", "31"
"10841", "38"
"10841", "55"
"10842", "13"
"10842", "15"
"10842", "21"
"10842", "46"
"10843", "53"
"10844", "21"
"10845", "13"
"10845", "14"
"10845", "18"
"10845", "33"
"10845", "9"
"10846", "10"
"10846", "15"
"10846", "22"
"10847", "10"
"10847", "18"
"10847", "22"
"10847", "26"
"10847", "34"
"10847", "9"
"10848", "21"
"10848", "97"
"10849", "10"
"10849", "31"
"10850", "14"
"10850", "15"
"10850", "3"
"10851", "14"
"10851", "19"
"10851", "20"
"10851", "55"
"10852", "19"
"10852", "39"
"10852", "49"
"10853", "63"
"10854", "31"
"10854", "6"
"10855", "13"
"10855", "17"
"10855", "21"
"10855", "38"
"10856", "14"
"10856", "19"
"10857", "10"
"10857", "124"
"10857", "31"
"10858", "15"
"10858", "30"
"10858", "44"
"10859", "33"
"10859", "5"
"10859", "7"
"10860", "18"
"10860", "53"
"10861", "10"
"10861", "3"
"10861", "39"
"10861", "49"
"10861", "63"
"10862", "21"
"10862", "7"
"10863", "13"
"10863", "18"
"10864", "14"
"10864", "18"
"10865", "18"
"10865", "264"
"10866", "19"
"10866", "26"
"10866", "5"
"10867", "33"
"10868", "18"
"10868", "20"
"10868", "31"
"10869", "13"
"10869", "18"
"10869", "21"
"10869", "9"
"10870", "18"
"10870", "53"
"10871", "17"
"10871", "25"
"10871", "39"
"10872", "21"
"10872", "24"
"10872", "33"
"10872", "49"
"10873", "10"
"10873", "46"
"10874", "31"
"10875", "10"
"10875", "20"
"10875", "9"
"10876", "12"
"10876", "33"
"10877", "17"
"10877", "63"
"10878", "81"
"10879", "18"
"10879", "18"
"10879", "21"
"10880", "15"
"10880", "29"
"10880", "9"
"10881", "15"
"10882", "14"
"10882", "20"
"10882", "7"
"10883", "5"
"10884", "10"
"10884", "21"
"10884", "38"
"10885", "13"
"10885", "15"
"10885", "19"
"10885", "5"
"10886", "13"
"10886", "13"
"10886", "31"
"10887", "14"
"10888", "13"
"10888", "19"
"10889", "21"
"10889", "264"
"10890", "10"
"10890", "14"
"10890", "39"
"10891", "26"
"10892", "55"
"10893", "124"
"10893", "19"
"10893", "26"
"10893", "40"
"10893", "5"
"10894", "36"
"10894", "6"
"10894", "8"
"10895", "18"
"10895", "18"
"10895", "34"
"10895", "5"
"10896", "10"
"10896", "38"
"10897", "124"
"10897", "26"
"10898", "6"
"10899", "18"
"10900", "15"
"10901", "10"
"10901", "22"
"10902", "24"
"10902", "49"
"10903", "13"
"10903", "21"
"10903", "6"
"10904", "13"
"10904", "49"
"10905", "18"
"10906", "29"
"10907", "8"
"10908", "30"
"10908", "7"
"10909", "10"
"10909", "17"
"10909", "30"
"10910", "20"
"10910", "29"
"10910", "9"
"10911", "14"
"10911", "18"
"10911", "39"
"10912", "124"
"10912", "21"
"10913", "13"
"10913", "22"
"10913", "3"
"10914", "22"
"10915", "3"
"10915", "39"
"10915", "7"
"10916", "17"
"10916", "20"
"10916", "32"
"10917", "26"
"10917", "34"
"10918", "18"
"10918", "34"
"10919", "14"
"10919", "17"
"10919", "18"
"10920", "16"
"10921", "18"
"10921", "44"
"10922", "39"
"10922", "5"
"10923", "14"
"10923", "14"
"10923", "46"
"10924", "31"
"10924", "46"
"10924", "8"
"10925", "19"
"10925", "7"
"10926", "21"
"10926", "35"
"10926", "6"
"10926", "9"
"10927", "18"
"10927", "7"
"10927", "81"
"10928", "10"
"10928", "18"
"10929", "10"
"10929", "13"
"10929", "8"
"10930", "10"
"10930", "13"
"10930", "24"
"10930", "44"
"10931", "20"
"10931", "6"
"10932", "17"
"10932", "35"
"10932", "49"
"10932", "8"
"10933", "29"
"10933", "33"
"10934", "25"
"10935", "18"
"10935", "63"
"10935", "9"
"10936", "19"
"10937", "14"
"10937", "46"
"10938", "22"
"10938", "34"
"10938", "46"
"10938", "6"
"10939", "14"
"10939", "19"
"10940", "30"
"10940", "6"
"10941", "13"
"10941", "13"
"10941", "35"
"10941", "49"
"10942", "20"
"10943", "12"
"10943", "21"
"10943", "6"
"10944", "19"
"10944", "21"
"10944", "38"
"10945", "13"
"10945", "6"
"10946", "13"
"10946", "31"
"10946", "5"
"10947", "55"
"10948", "16"
"10948", "24"
"10948", "53"
"10949", "25"
"10949", "31"
"10949", "39"
"10949", "49"
"10950", "22"
"10951", "10"
"10951", "3"
"10951", "8"
"10952", "25"
"10952", "46"
"10953", "13"
"10953", "81"
"10954", "10"
"10954", "13"
"10954", "17"
"10954", "34"
"10955", "8"
"10956", "10"
"10956", "10"
"10956", "53"
"10957", "18"
"10957", "26"
"10957", "33"
"10958", "21"
"10958", "30"
"10958", "35"
"10959", "8"
"10960", "10"
"10960", "5"
"10961", "18"
"10961", "7"
"10962", "18"
"10962", "30"
"10962", "33"
"10962", "36"
"10962", "6"
"10963", "34"
"10964", "264"
"10964", "36"
"10964", "63"
"10965", "53"
"10966", "26"
"10966", "38"
"10966", "49"
"10967", "20"
"10967", "9"
"10968", "33"
"10968", "38"
"10968", "5"
"10969", "12"
"10970", "7"
"10971", "124"
"10972", "3"
"10972", "39"
"10973", "10"
"10973", "31"
"10973", "8"
"10974", "44"
"10975", "40"
"10975", "8"
"10976", "46"
"10977", "10"
"10977", "18"
"10977", "44"
"10977", "53"
"10978", "10"
"10978", "18"
"10978", "19"
"10978", "40"
"10979", "13"
"10979", "30"
"10979", "38"
"10979", "44"
"10979", "44"
"10979", "5"
"10980", "8"
"10981", "264"
"10982", "30"
"10982", "46"
"10983", "20"
"10983", "6"
"10984", "17"
"10984", "19"
"10984", "5"
"10985", "17"
"10985", "32"
"10985", "63"
"10986", "13"
"10986", "18"
"10986", "21"
"10986", "81"
"10987", "30"
"10987", "35"
"10987", "46"
"10988", "30"
"10988", "49"
"10989", "10"
"10989", "21"
"10989", "25"
"10990", "10"
"10990", "14"
"10990", "24"
"10990", "29"
"10991", "15"
"10991", "18"
"10991", "19"
"10992", "35"
"10993", "10"
"10993", "124"
"10994", "55"
"10995", "34"
"10995", "53"
"10996", "14"
"10997", "12"
"10997", "32"
"10997", "7"
"10998", "10"
"10998", "29"
"10998", "5"
"10998", "8"
"10999", "10"
"10999", "13"
"10999", "53"
"11000", "13"
"11000", "22"
"11000", "5"
"11001", "12"
"11001", "21"
"11001", "24"
"11001", "30"
"11002", "14"
"11002", "18"
"11002", "24"
"11002", "6"
"11003", "18"
"11003", "18"
"11003", "7"
"11004", "18"
"11004", "31"
"11005", "18"
"11005", "55"
"11006", "124"
"11006", "18"
"11007", "124"
"11007", "14"
"11007", "40"
"11008", "14"
"11008", "22"
"11008", "46"
"11009", "19"
"11009", "34"
"11009", "5"
"11010", "30"
"11010", "5"
"11011", "13"
"11011", "22"
"11012", "22"
"11012", "34"
"11012", "9"
"11013", "10"
"11013", "13"
"11013", "14"
"11013", "9"
"11014", "10"
"11015", "13"
"11015", "26"
"11016", "13"
"11016", "19"
"11017", "10"
"11017", "15"
"11017", "55"
"11018", "38"
"11018", "38"
"11018", "63"
"11019", "12"
"11019", "20"
"11020", "31"
"11021", "19"
"11021", "31"
"11021", "35"
"11021", "53"
"11021", "81"
"11022", "36"
"11022", "9"
"11023", "30"
"11023", "46"
"11024", "21"
"11024", "22"
"11024", "3"
"11024", "31"
"11025", "18"
"11025", "6"
"11026", "53"
"11026", "63"
"11027", "49"
"11027", "5"
"11028", "24"
"11028", "55"
"11029", "38"
"11029", "44"
"11030", "124"
"11030", "19"
"11030", "21"
"11030", "55"
"11031", "18"
"11031", "22"
"11031", "33"
"11031", "5"
"11031", "6"
"11032", "19"
"11032", "264"
"11032", "55"
"11033", "33"
"11033", "36"
"11034", "10"
"11034", "19"
"11034", "29"
"11035", "14"
"11035", "18"
"11035", "18"
"11035", "7"
"11036", "55"
"11036", "6"
"11037", "15"
"11038", "18"
"11038", "22"
"11038", "7"
"11039", "18"
"11039", "20"
"11039", "20"
"11039", "46"
"11040", "10"
"11041", "19"
"11041", "44"
"11042", "19"
"11042", "29"
"11043", "21"
"11044", "49"
"11045", "3"
"11045", "53"
"11046", "18"
"11046", "32"
"11046", "38"
"11047", "18"
"11047", "21"
"11048", "13"
"11049", "19"
"11049", "38"
"11050", "18"
"11051", "5"
"11052", "29"
"11052", "46"
"11053", "32"
"11053", "33"
"11053", "63"
"11054", "14"
"11054", "3"
"11055", "14"
"11055", "20"
"11055", "5"
"11055", "53"
"11056", "24"
"11056", "30"
"11056", "34"
"11057", "15"
"11058", "10"
"11058", "29"
"11058", "34"
"11059", "34"
"11059", "39"
"11059", "6"
"11060", "13"
"11060", "34"
"11061", "34"
"11062", "15"
"11062", "33"
"11063", "10"
"11063", "14"
"11063", "18"
"11064", "10"
"11064", "13"
"11064", "24"
"11064", "33"
"11064", "39"
"11065", "26"
"11065", "7"
"11066", "14"
"11066", "17"
"11066", "9"
"11067", "10"
"11068", "13"
"11068", "46"
"11068", "46"
"11069", "18"
"11070", "13"
"11070", "17"
"11070", "18"
"11070", "19"
"11071", "30"
"11071", "6"
"11072", "10"
"11072", "16"
"11072", "19"
"11072", "33"
"11073", "21"
"11073", "5"
"11074", "17"
"11075", "12"
"11075", "18"
"11075", "19"
"11076", "23"
"11076", "25"
"11076", "9"
"11077", "10"
"11077", "10"
"11077", "12"
"11077", "13"
"11077", "15"
"11077", "17"
"11077", "17"
"11077", "18"
"11077", "19"
"11077", "22"
"11077", "23"
"11077", "24"
"11077", "25"
"11077", "30"
"11077", "31"
"11077", "32"
"11077", "33"
"11077", "34"
"11077", "38"
"11077", "40"
"11077", "6"
"11077", "7"
"11077", "8"
"11077", "81"
"11077", "9"
