"Id", "order_time"
"10248", "12:38:17"
"10249", "12:34:15"
"10250", "13:41:43"
"10251", "17:01:47"
"10252", "13:49:27"
"10253", "12:19:02"
"10254", "14:43:32"
"10255", "13:19:38"
"10256", "14:38:41"
"10257", "13:16:44"
"10258", "11:18:37"
"10259", "12:30:17"
"10260", "13:06:51"
"10261", "12:44:10"
"10262", "12:16:09"
"10263", "10:50:13"
"10264", "15:11:05"
"10265", "12:23:24"
"10266", "16:58:38"
"10267", "15:46:16"
"10268", "14:25:34"
"10269", "09:12:07"
"10270", "15:24:35"
"10271", "12:35:18"
"10272", "14:39:55"
"10273", "09:57:23"
"10274", "09:32:02"
"10275", "11:10:42"
"10276", "13:17:05"
"10277", "15:02:54"
"10278", "13:07:17"
"10279", "14:08:29"
"10280", "11:25:23"
"10281", "11:12:22"
"10282", "13:29:59"
"10283", "14:54:43"
"10284", "10:57:10"
"10285", "10:15:34"
"10286", "12:48:24"
"10287", "11:31:17"
"10288", "16:33:35"
"10289", "12:45:14"
"10290", "11:04:49"
"10291", "08:35:03"
"10292", "13:05:20"
"10293", "13:37:25"
"10294", "12:48:36"
"10295", "14:42:56"
"10296", "12:39:31"
"10297", "11:18:25"
"10298", "15:41:09"
"10299", "10:37:16"
"10300", "15:38:34"
"10301", "16:10:16"
"10302", "12:57:37"
"10303", "10:21:25"
"10304", "07:25:08"
"10305", "19:33:32"
"10306", "08:48:55"
"10307", "13:10:07"
"10308", "13:50:43"
"10309", "14:12:27"
"10310", "10:58:38"
"10311", "11:35:29"
"10312", "07:00:55"
"10313", "11:47:00"
"10314", "12:28:56"
"10315", "11:52:34"
"10316", "13:01:21"
"10317", "08:43:07"
"10318", "12:36:00"
"10319", "14:24:46"
"10320", "14:23:32"
"10321", "11:37:48"
"10322", "15:23:55"
"10323", "17:58:40"
"10324", "11:55:38"
"10325", "16:24:12"
"10326", "15:25:34"
"10327", "16:28:49"
"10328", "17:56:38"
"10329", "10:22:20"
"10330", "11:47:23"
"10331", "13:05:56"
"10332", "17:30:15"
"10333", "12:34:03"
"10334", "13:11:05"
"10335", "16:13:05"
"10336", "12:28:48"
"10337", "08:25:34"
"10338", "13:07:30"
"10339", "11:41:35"
"10340", "14:33:38"
"10341", "15:38:27"
"10342", "18:36:48"
"10343", "11:43:46"
"10344", "11:32:25"
"10345", "09:19:42"
"10346", "11:25:33"
"10347", "10:49:28"
"10348", "14:17:21"
"10349", "14:13:01"
"10350", "11:27:14"
"10351", "12:02:00"
"10352", "16:11:14"
"10353", "14:31:04"
"10354", "17:06:04"
"10355", "10:13:32"
"10356", "13:16:13"
"10357", "16:42:34"
"10358", "16:56:36"
"10359", "17:19:36"
"10360", "08:41:51"
"10361", "13:44:26"
"10362", "13:24:27"
"10363", "14:03:22"
"10364", "10:30:46"
"10365", "14:17:03"
"10366", "09:39:06"
"10367", "07:00:03"
"10368", "11:08:55"
"10369", "14:18:06"
"10370", "13:00:28"
"10371", "14:37:08"
"10372", "11:13:15"
"10373", "13:57:55"
"10374", "15:23:55"
"10375", "11:44:54"
"10376", "12:14:34"
"10377", "12:44:53"
"10378", "14:06:48"
"10379", "13:06:54"
"10380", "13:13:30"
"10381", "15:32:13"
"10382", "16:33:10"
"10383", "08:56:24"
"10384", "15:29:59"
"10385", "13:02:50"
"10386", "13:26:44"
"10387", "11:00:46"
"10388", "16:11:45"
"10389", "12:54:31"
"10390", "14:10:03"
"10391", "14:44:37"
"10392", "12:55:20"
"10393", "12:07:03"
"10394", "15:42:58"
"10395", "13:52:54"
"10396", "12:09:32"
"10397", "12:50:05"
"10398", "13:33:04"
"10399", "12:14:43"
"10400", "14:38:56"
"10401", "11:03:36"
"10402", "13:04:39"
"10403", "16:21:05"
"10404", "10:06:33"
"10405", "14:36:20"
"10406", "14:32:45"
"10407", "12:19:20"
"10408", "13:10:42"
"10409", "15:30:41"
"10410", "12:19:48"
"10411", "15:04:59"
"10412", "15:29:36"
"10413", "14:13:06"
"10414", "14:33:16"
"10415", "13:46:08"
"10416", "17:42:56"
"10417", "10:54:15"
"10418", "12:00:53"
"10419", "14:04:34"
"10420", "12:00:51"
"10421", "09:42:41"
"10422", "09:20:35"
"10423", "12:19:19"
"10424", "14:03:56"
"10425", "12:30:08"
"10426", "12:31:47"
"10427", "18:13:35"
"10428", "14:08:13"
"10429", "14:41:45"
"10430", "10:53:54"
"10431", "16:10:16"
"10432", "11:05:58"
"10433", "12:56:54"
"10434", "16:22:53"
"10435", "14:06:17"
"10436", "15:09:08"
"10437", "13:36:40"
"10438", "14:28:28"
"10439", "12:48:35"
"10440", "12:07:07"
"10441", "09:54:04"
"10442", "16:36:09"
"10443", "11:42:34"
"10444", "15:20:35"
"10445", "13:32:09"
"10446", "12:20:23"
"10447", "13:18:57"
"10448", "19:06:02"
"10449", "10:16:57"
"10450", "10:37:42"
"10451", "15:56:06"
"10452", "11:03:55"
"10453", "15:32:26"
"10454", "17:06:59"
"10455", "12:19:59"
"10456", "13:07:51"
"10457", "14:29:51"
"10458", "14:08:11"
"10459", "15:18:47"
"10460", "16:53:26"
"10461", "11:00:51"
"10462", "11:02:15"
"10463", "09:25:17"
"10464", "15:05:24"
"10465", "16:16:55"
"10466", "15:44:12"
"10467", "13:40:52"
"10468", "15:01:52"
"10469", "11:51:50"
"10470", "14:13:42"
"10471", "11:42:12"
"10472", "11:22:04"
"10473", "14:12:49"
"10474", "12:20:25"
"10475", "16:31:43"
"10476", "16:04:01"
"10477", "12:38:07"
"10478", "14:23:37"
"10479", "11:38:16"
"10480", "16:16:22"
"10481", "13:48:46"
"10482", "13:36:32"
"10483", "10:23:07"
"10484", "10:32:16"
"10485", "15:09:02"
"10486", "12:57:59"
"10487", "12:51:51"
"10488", "09:07:47"
"10489", "12:02:47"
"10490", "11:51:04"
"10491", "10:54:42"
"10492", "16:04:42"
"10493", "11:19:54"
"10494", "16:48:32"
"10495", "16:47:19"
"10496", "11:53:44"
"10497", "11:04:18"
"10498", "11:27:42"
"10499", "12:27:24"
"10500", "10:37:39"
"10501", "08:09:36"
"10502", "12:00:00"
"10503", "15:59:19"
"10504", "12:23:37"
"10505", "15:34:38"
"10506", "11:25:28"
"10507", "10:41:43"
"10508", "13:38:57"
"10509", "15:45:50"
"10510", "12:40:18"
"10511", "09:20:32"
"10512", "11:12:05"
"10513", "10:01:52"
"10514", "14:44:19"
"10515", "12:27:14"
"10516", "13:29:02"
"10517", "11:40:15"
"10518", "16:25:49"
"10519", "12:39:04"
"10520", "07:59:36"
"10521", "14:26:12"
"10522", "12:30:25"
"10523", "10:35:15"
"10524", "15:17:57"
"10525", "16:03:48"
"10526", "16:19:49"
"10527", "08:59:27"
"10528", "13:52:44"
"10529", "17:25:33"
"10530", "09:53:58"
"10531", "13:42:54"
"10532", "13:58:29"
"10533", "13:55:42"
"10534", "09:51:20"
"10535", "12:22:48"
"10536", "15:40:46"
"10537", "10:49:57"
"10538", "08:17:35"
"10539", "12:51:28"
"10540", "16:17:30"
"10541", "10:31:28"
"10542", "12:53:40"
"10543", "14:52:17"
"10544", "13:18:40"
"10545", "09:58:15"
"10546", "12:50:18"
"10547", "13:59:15"
"10548", "12:42:34"
"10549", "15:10:05"
"10550", "14:10:44"
"10551", "14:23:09"
"10552", "12:45:26"
"10553", "12:07:21"
"10554", "10:30:13"
"10555", "12:18:53"
"10556", "08:14:37"
"10557", "15:36:44"
"10558", "18:06:36"
"10559", "13:37:24"
"10560", "07:04:19"
"10561", "13:51:48"
"10562", "08:56:53"
"10563", "16:21:26"
"10564", "09:02:51"
"10565", "12:01:38"
"10566", "15:19:17"
"10567", "11:16:27"
"10568", "10:31:42"
"10569", "13:13:43"
"10570", "14:11:53"
"10571", "09:10:29"
"10572", "19:08:34"
"10573", "09:35:01"
"10574", "15:47:42"
"10575", "11:09:01"
"10576", "15:17:55"
"10577", "14:19:29"
"10578", "13:48:20"
"10579", "14:45:13"
"10580", "10:49:56"
"10581", "13:38:24"
"10582", "11:54:26"
"10583", "19:02:16"
"10584", "14:25:47"
"10585", "10:34:34"
"10586", "18:49:14"
"10587", "14:58:41"
"10588", "18:42:02"
"10589", "15:37:48"
"10590", "14:50:53"
"10591", "13:21:01"
"10592", "11:39:30"
"10593", "11:43:42"
"10594", "17:34:29"
"10595", "16:59:44"
"10596", "12:54:38"
"10597", "15:23:38"
"10598", "16:52:49"
"10599", "12:06:52"
"10600", "14:06:37"
"10601", "14:50:01"
"10602", "15:57:58"
"10603", "11:35:24"
"10604", "09:50:04"
"10605", "15:23:37"
"10606", "11:43:06"
"10607", "09:43:44"
"10608", "13:41:38"
"10609", "08:10:51"
"10610", "18:12:50"
"10611", "17:57:02"
"10612", "11:29:23"
"10613", "15:09:04"
"10614", "10:43:54"
"10615", "12:54:26"
"10616", "13:31:23"
"10617", "11:56:40"
"10618", "15:09:09"
"10619", "11:15:27"
"10620", "14:21:41"
"10621", "15:42:17"
"10622", "08:48:49"
"10623", "09:15:30"
"10624", "08:26:37"
"10625", "14:01:17"
"10626", "12:10:59"
"10627", "14:41:05"
"10628", "12:30:48"
"10629", "15:41:29"
"10630", "09:38:21"
"10631", "11:25:01"
"10632", "10:47:31"
"10633", "13:04:13"
"10634", "11:49:17"
"10635", "14:31:56"
"10636", "08:45:35"
"10637", "10:04:00"
"10638", "11:22:15"
"10639", "12:49:46"
"10640", "10:21:15"
"10641", "14:45:44"
"10642", "09:06:28"
"10643", "13:35:50"
"10644", "15:04:25"
"10645", "13:13:44"
"10646", "13:09:23"
"10647", "16:41:30"
"10648", "10:50:47"
"10649", "12:14:35"
"10650", "11:06:17"
"10651", "16:24:19"
"10652", "12:59:12"
"10653", "14:16:20"
"10654", "15:15:48"
"10655", "15:06:44"
"10656", "13:41:30"
"10657", "14:36:17"
"10658", "11:54:33"
"10659", "07:00:38"
"10660", "12:45:12"
"10661", "14:07:18"
"10662", "13:13:00"
"10663", "14:33:45"
"10664", "11:02:03"
"10665", "12:34:35"
"10666", "11:25:40"
"10667", "18:47:55"
"10668", "13:01:00"
"10669", "11:50:36"
"10670", "12:23:21"
"10671", "15:47:11"
"10672", "14:51:55"
"10673", "12:35:30"
"10674", "13:41:31"
"10675", "13:36:04"
"10676", "09:37:09"
"10677", "11:13:09"
"10678", "15:17:05"
"10679", "07:20:15"
"10680", "16:07:38"
"10681", "15:52:38"
"10682", "13:27:33"
"10683", "11:16:24"
"10684", "10:25:55"
"10685", "13:49:37"
"10686", "15:07:39"
"10687", "12:51:03"
"10688", "09:49:48"
"10689", "10:23:13"
"10690", "11:37:05"
"10691", "11:36:10"
"10692", "13:12:10"
"10693", "16:09:00"
"10694", "09:47:30"
"10695", "15:04:18"
"10696", "15:01:18"
"10697", "13:25:44"
"10698", "13:36:14"
"10699", "12:15:59"
"10700", "12:35:37"
"10701", "17:24:42"
"10702", "13:33:07"
"10703", "11:26:34"
"10704", "13:13:17"
"10705", "14:24:52"
"10706", "13:32:50"
"10707", "13:40:19"
"10708", "09:08:58"
"10709", "10:22:18"
"10710", "10:23:19"
"10711", "14:02:44"
"10712", "11:22:34"
"10713", "14:08:31"
"10714", "09:52:56"
"10715", "14:17:27"
"10716", "12:40:01"
"10717", "09:36:05"
"10718", "13:29:55"
"10719", "16:42:36"
"10720", "12:33:48"
"10721", "12:44:43"
"10722", "14:25:48"
"10723", "10:02:48"
"10724", "14:22:28"
"10725", "15:41:58"
"10726", "11:30:27"
"10727", "21:00:40"
"10728", "15:35:30"
"10729", "07:00:22"
"10730", "11:09:06"
"10731", "14:11:54"
"10732", "14:22:31"
"10733", "15:10:18"
"10734", "11:40:48"
"10735", "10:50:35"
"10736", "14:02:16"
"10737", "13:14:20"
"10738", "16:12:55"
"10739", "15:51:32"
"10740", "13:03:55"
"10741", "12:53:34"
"10742", "12:11:33"
"10743", "13:11:23"
"10744", "10:53:28"
"10745", "10:57:48"
"10746", "14:52:08"
"10747", "13:37:59"
"10748", "11:46:31"
"10749", "18:00:07"
"10750", "16:28:51"
"10751", "13:38:15"
"10752", "12:27:00"
"10753", "10:54:35"
"10754", "11:30:53"
"10755", "13:58:58"
"10756", "17:35:41"
"10757", "16:57:53"
"10758", "16:17:18"
"10759", "17:46:32"
"10760", "12:17:30"
"10761", "10:30:30"
"10762", "13:07:24"
"10763", "16:09:12"
"10764", "15:37:56"
"10765", "11:35:08"
"10766", "14:19:50"
"10767", "11:29:54"
"10768", "07:58:32"
"10769", "15:58:17"
"10770", "13:52:19"
"10771", "11:09:53"
"10772", "07:00:31"
"10773", "08:12:55"
"10774", "14:50:22"
"10775", "15:29:21"
"10776", "10:02:29"
"10777", "11:59:59"
"10778", "12:17:44"
"10779", "14:27:15"
"10780", "11:21:49"
"10781", "12:12:26"
"10782", "16:58:45"
"10783", "14:07:58"
"10784", "13:55:42"
"10785", "10:42:50"
"10786", "16:01:31"
"10787", "07:00:02"
"10788", "17:32:21"
"10789", "17:37:55"
"10790", "16:53:06"
"10791", "15:50:33"
"10792", "13:22:09"
"10793", "12:45:26"
"10794", "17:33:04"
"10795", "08:12:30"
"10796", "13:23:39"
"10797", "11:04:44"
"10798", "12:10:21"
"10799", "13:36:54"
"10800", "11:35:20"
"10801", "10:15:40"
"10802", "12:10:55"
"10803", "08:51:34"
"10804", "13:55:40"
"10805", "13:12:43"
"10806", "20:35:47"
"10807", "08:53:05"
"10808", "11:57:40"
"10809", "13:27:45"
"10810", "14:53:44"
"10811", "11:03:19"
"10812", "13:37:50"
"10813", "12:33:03"
"10814", "12:20:09"
"10815", "15:20:15"
"10816", "09:49:50"
"10817", "12:22:11"
"10818", "13:29:55"
"10819", "13:53:24"
"10820", "11:38:58"
"10821", "11:43:37"
"10822", "14:43:16"
"10823", "15:10:29"
"10824", "12:59:51"
"10825", "13:20:29"
"10826", "16:03:10"
"10827", "10:48:04"
"10828", "10:51:37"
"10829", "13:49:19"
"10830", "11:18:16"
"10831", "10:59:29"
"10832", "13:56:24"
"10833", "11:37:54"
"10834", "11:10:36"
"10835", "13:11:22"
"10836", "07:00:18"
"10837", "09:26:01"
"10838", "16:37:17"
"10839", "12:29:00"
"10840", "09:31:47"
"10841", "11:28:03"
"10842", "16:29:53"
"10843", "10:47:57"
"10844", "16:32:14"
"10845", "10:31:38"
"10846", "13:33:12"
"10847", "11:20:39"
"10848", "12:59:49"
"10849", "17:11:42"
"10850", "12:25:06"
"10851", "11:46:57"
"10852", "12:30:50"
"10853", "12:29:28"
"10854", "15:19:08"
"10855", "13:29:05"
"10856", "14:52:26"
"10857", "11:48:11"
"10858", "14:20:56"
"10859", "17:11:23"
"10860", "07:34:53"
"10861", "11:56:10"
"10862", "12:47:30"
"10863", "17:39:51"
"10864", "11:35:51"
"10865", "17:51:07"
"10866", "12:01:48"
"10867", "13:11:14"
"10868", "15:33:25"
"10869", "09:54:54"
"10870", "13:48:50"
"10871", "10:45:25"
"10872", "16:05:29"
"10873", "13:16:23"
"10874", "11:15:37"
"10875", "09:41:24"
"10876", "15:36:06"
"10877", "07:40:43"
"10878", "13:03:56"
"10879", "13:33:35"
"10880", "11:23:41"
"10881", "16:01:04"
"10882", "11:09:44"
"10883", "10:54:19"
"10884", "12:15:02"
"10885", "11:59:02"
"10886", "12:01:06"
"10887", "15:44:15"
"10888", "14:01:29"
"10889", "12:07:23"
"10890", "11:01:34"
"10891", "09:22:26"
"10892", "09:33:56"
"10893", "10:53:26"
"10894", "10:20:39"
"10895", "09:05:26"
"10896", "14:52:44"
"10897", "12:14:23"
"10898", "13:33:15"
"10899", "15:39:54"
"10900", "08:25:23"
"10901", "18:20:34"
"10902", "15:55:03"
"10903", "10:55:25"
"10904", "11:56:54"
"10905", "19:28:52"
"10906", "09:27:41"
"10907", "14:02:40"
"10908", "12:34:50"
"10909", "12:42:21"
"10910", "13:03:36"
"10911", "14:17:13"
"10912", "16:51:13"
"10913", "14:46:37"
"10914", "14:04:21"
"10915", "17:55:49"
"10916", "16:13:00"
"10917", "17:17:17"
"10918", "13:52:08"
"10919", "11:54:34"
"10920", "12:59:42"
"10921", "14:32:55"
"10922", "13:25:50"
"10923", "13:04:50"
"10924", "13:10:11"
"10925", "15:12:16"
"10926", "16:53:33"
"10927", "14:19:07"
"10928", "12:55:49"
"10929", "10:09:23"
"10930", "11:48:32"
"10931", "12:54:14"
"10932", "13:42:50"
"10933", "12:44:58"
"10934", "15:02:29"
"10935", "10:44:41"
"10936", "13:51:30"
"10937", "12:48:54"
"10938", "09:53:31"
"10939", "15:12:45"
"10940", "13:49:05"
"10941", "12:28:20"
"10942", "12:17:17"
"10943", "12:25:39"
"10944", "10:53:20"
"10945", "10:39:24"
"10946", "16:04:29"
"10947", "12:53:32"
"10948", "12:05:44"
"10949", "12:17:07"
"10950", "15:10:49"
"10951", "10:06:35"
"10952", "12:40:28"
"10953", "11:17:56"
"10954", "13:18:29"
"10955", "15:15:25"
"10956", "12:02:27"
"10957", "13:33:20"
"10958", "11:46:09"
"10959", "10:54:43"
"10960", "13:49:53"
"10961", "12:33:05"
"10962", "13:56:47"
"10963", "13:37:23"
"10964", "14:12:37"
"10965", "10:02:35"
"10966", "09:33:26"
"10967", "11:35:22"
"10968", "17:10:27"
"10969", "08:45:55"
"10970", "13:42:18"
"10971", "12:35:38"
"10972", "12:33:32"
"10973", "14:04:13"
"10974", "14:36:54"
"10975", "15:22:06"
"10976", "11:07:07"
"10977", "15:34:48"
"10978", "12:40:27"
"10979", "14:45:54"
"10980", "09:02:39"
"10981", "11:24:39"
"10982", "11:33:38"
"10983", "10:09:59"
"10984", "10:53:01"
"10985", "09:46:11"
"10986", "12:22:58"
"10987", "17:11:21"
"10988", "12:03:09"
"10989", "14:16:36"
"10990", "12:28:47"
"10991", "12:12:40"
"10992", "14:04:33"
"10993", "12:48:13"
"10994", "11:02:10"
"10995", "14:55:23"
"10996", "12:09:36"
"10997", "15:02:38"
"10998", "13:42:10"
"10999", "13:25:48"
"11000", "10:14:17"
"11001", "10:28:28"
"11002", "11:29:28"
"11003", "10:32:26"
"11004", "12:23:07"
"11005", "17:08:22"
"11006", "11:09:43"
"11007", "13:52:37"
"11008", ""
"11009", "09:18:02"
"11010", "13:18:14"
"11011", "10:19:00"
"11012", "15:04:13"
"11013", "12:27:08"
"11014", "14:37:48"
"11015", "12:55:00"
"11016", "15:13:31"
"11017", "12:58:24"
"11018", "11:26:34"
"11019", ""
"11020", "12:09:53"
"11021", "10:10:42"
"11022", "13:20:55"
"11023", "12:05:47"
"11024", "13:28:58"
"11025", "13:07:04"
"11026", "15:07:36"
"11027", "10:30:25"
"11028", "12:20:07"
"11029", "10:29:25"
"11030", "15:11:51"
"11031", "13:17:39"
"11032", "09:17:23"
"11033", "13:56:05"
"11034", "11:54:27"
"11035", "13:27:37"
"11036", "12:10:55"
"11037", "13:35:19"
"11038", "12:57:49"
"11039", ""
"11040", ""
"11041", "11:13:10"
"11042", "16:08:33"
"11043", "14:38:32"
"11044", "14:29:22"
"11045", ""
"11046", "17:03:46"
"11047", "16:28:09"
"11048", "12:03:15"
"11049", "14:32:11"
"11050", "14:09:38"
"11051", ""
"11052", "15:25:04"
"11053", "16:27:11"
"11054", ""
"11055", "16:21:29"
"11056", "11:56:48"
"11057", "09:58:43"
"11058", ""
"11059", ""
"11060", "11:43:59"
"11061", ""
"11062", ""
"11063", "15:38:39"
"11064", "10:34:20"
"11065", ""
"11066", "15:18:09"
"11067", "10:21:28"
"11068", ""
"11069", "15:27:19"
"11070", ""
"11071", ""
"11072", ""
"11073", ""
"11074", ""
"11075", ""
"11076", ""
"11077", ""
