"Id", "customer_region", "order_region"
"BLONP", "", ""
"BLONP", "", ""
"BLONP", "", ""
"BLONP", "", ""
"BLONP", "", ""
"BLONP", "", ""
"BLONP", "", ""
"BLONP", "", ""
"BLONP", "", ""
"BLONP", "", ""
"BLONP", "", ""
"BONAP", "", ""
"BONAP", "", ""
"BONAP", "", ""
"BONAP", "", ""
"BONAP", "", ""
"BONAP", "", ""
"BONAP", "", ""
"BONAP", "", ""
"BONAP", "", ""
"BONAP", "", ""
"BONAP", "", ""
"BONAP", "", ""
"BONAP", "", ""
"BONAP", "", ""
"BONAP", "", ""
"BONAP", "", ""
"BONAP", "", ""
"DUMON", "", ""
"DUMON", "", ""
"DUMON", "", ""
"DUMON", "", ""
"FOLIG", "", ""
"FOLIG", "", ""
"FOLIG", "", ""
"FOLIG", "", ""
"FOLIG", "", ""
"FRANR", "", ""
"FRANR", "", ""
"FRANR", "", ""
"LACOR", "", ""
"LACOR", "", ""
"LACOR", "", ""
"LACOR", "", ""
"LAMAI", "", ""
"LAMAI", "", ""
"LAMAI", "", ""
"LAMAI", "", ""
"LAMAI", "", ""
"LAMAI", "", ""
"LAMAI", "", ""
"LAMAI", "", ""
"LAMAI", "", ""
"LAMAI", "", ""
"LAMAI", "", ""
"LAMAI", "", ""
"LAMAI", "", ""
"LAMAI", "", ""
"SPECD", "", ""
"SPECD", "", ""
"SPECD", "", ""
"SPECD", "", ""
"VICTE", "", ""
"VICTE", "", ""
"VICTE", "", ""
"VICTE", "", ""
"VICTE", "", ""
"VICTE", "", ""
"VICTE", "", ""
"VICTE", "", ""
"VICTE", "", ""
"VICTE", "", ""
"VINET", "", ""
"VINET", "", ""
"VINET", "", ""
"VINET", "", ""
"VINET", "", ""
