"Id", "built"
"10248", "2024-01-31 14:30:00"
"10249", "2024-01-31 14:30:00"
"10250", "2024-01-31 14:30:00"
"10251", "2024-01-31 14:30:00"
"10252", "2024-01-31 14:30:00"
"10253", "2024-01-31 14:30:00"
"10254", "2024-01-31 14:30:00"
"10255", "2024-01-31 14:30:00"
"10256", "2024-01-31 14:30:00"
"10257", "2024-01-31 14:30:00"
"10258", "2024-01-31 14:30:00"
"10259", "2024-01-31 14:30:00"
"10260", "2024-01-31 14:30:00"
"10261", "2024-01-31 14:30:00"
"10262", "2024-01-31 14:30:00"
"10263", "2024-01-31 14:30:00"
"10264", "2024-01-31 14:30:00"
"10265", "2024-01-31 14:30:00"
"10266", "2024-01-31 14:30:00"
"10267", "2024-01-31 14:30:00"
