"Id", "Delivered Date"
"10248", "2022-07-16 12:38:17"
"10249", "2022-07-10 12:34:15"
"10250", "2022-07-12 13:41:43"
"10251", "2022-07-15 17:01:47"
"10252", "2022-07-11 13:49:27"
"10253", "2022-07-16 12:19:02"
"10254", "2022-07-23 14:43:32"
"10255", "2022-07-15 13:19:38"
"10256", "2022-07-17 14:38:41"
"10257", "2022-07-22 13:16:44"
"10258", "2022-07-23 11:18:37"
"10259", "2022-07-25 12:30:17"
"10260", "2022-07-29 13:06:51"
"10261", "2022-07-30 12:44:10"
"10262", "2022-07-25 12:16:09"
"10263", "2022-07-31 10:50:13"
"10264", "2022-08-23 15:11:05"
"10265", "2022-08-12 12:23:24"
"10266", "2022-07-31 16:58:38"
"10267", "2022-08-06 15:46:16"
"10268", "2022-08-02 14:25:34"
"10269", "2022-08-09 09:12:07"
"10270", "2022-08-02 15:24:35"
"10271", "2022-08-30 12:35:18"
"10272", "2022-08-06 14:39:55"
"10273", "2022-08-12 09:57:23"
"10274", "2022-08-16 09:32:02"
"10275", "2022-08-09 11:10:42"
"10276", "2022-08-14 13:17:05"
"10277", "2022-08-13 15:02:54"
"10278", "2022-08-16 13:07:17"
"10279", "2022-08-16 14:08:29"
"10280", "2022-09-12 11:25:23"
"10281", "2022-08-21 11:12:22"
"10282", "2022-08-21 13:29:59"
"10283", "2022-08-23 14:54:43"
"10284", "2022-08-27 10:57:10"
"10285", "2022-08-26 10:15:34"
"10286", "2022-08-30 12:48:24"
"10287", "2022-08-28 11:31:17"
"10288", "2022-09-03 16:33:35"
"10289", "2022-08-28 12:45:14"
"10290", "2022-09-03 11:04:49"
"10291", "2022-09-04 08:35:03"
"10292", "2022-09-02 13:05:20"
"10293", "2022-09-11 13:37:25"
"10294", "2022-09-05 12:48:36"
"10295", "2022-09-10 14:42:56"
"10296", "2022-09-11 12:39:31"
"10297", "2022-09-10 11:18:25"
"10298", "2022-09-11 15:41:09"
"10299", "2022-09-13 10:37:16"
"10300", "2022-09-18 15:38:34"
"10301", "2022-09-17 16:10:16"
"10302", "2022-10-09 12:57:37"
"10303", "2022-09-18 10:21:25"
"10304", "2022-09-17 07:25:08"
"10305", "2022-10-09 19:33:32"
"10306", "2022-09-23 08:48:55"
"10307", "2022-09-25 13:10:07"
"10308", "2022-09-24 13:50:43"
"10309", "2022-10-23 14:12:27"
"10310", "2022-09-27 10:58:38"
"10311", "2022-09-26 11:35:29"
"10312", "2022-10-03 07:00:55"
"10313", "2022-10-04 11:47:00"
"10314", "2022-10-04 12:28:56"
"10315", "2022-10-03 11:52:34"
"10316", "2022-10-08 13:01:21"
"10317", "2022-10-10 08:43:07"
"10318", "2022-10-04 12:36:00"
"10319", "2022-10-11 14:24:46"
"10320", "2022-10-18 14:23:32"
"10321", "2022-10-11 11:37:48"
"10322", "2022-10-23 15:23:55"
"10323", "2022-10-14 17:58:40"
"10324", "2022-10-10 11:55:38"
"10325", "2022-10-14 16:24:12"
"10326", "2022-10-14 15:25:34"
"10327", "2022-10-14 16:28:49"
"10328", "2022-10-17 17:56:38"
"10329", "2022-10-23 10:22:20"
"10330", "2022-10-28 11:47:23"
"10331", "2022-10-21 13:05:56"
"10332", "2022-10-21 17:30:15"
"10333", "2022-10-25 12:34:03"
"10334", "2022-10-28 13:11:05"
"10335", "2022-10-24 16:13:05"
"10336", "2022-10-25 12:28:48"
"10337", "2022-10-29 08:25:34"
"10338", "2022-10-29 13:07:30"
"10339", "2022-11-04 11:41:35"
"10340", "2022-11-08 14:33:38"
"10341", "2022-11-05 15:38:27"
"10342", "2022-11-04 18:36:48"
"10343", "2022-11-06 11:43:46"
"10344", "2022-11-05 11:32:25"
"10345", "2022-11-11 09:19:42"
"10346", "2022-11-08 11:25:33"
"10347", "2022-11-08 10:49:28"
"10348", "2022-11-15 14:17:21"
"10349", "2022-11-15 14:13:01"
"10350", "2022-12-03 11:27:14"
"10351", "2022-11-20 12:02:00"
"10352", "2022-11-18 16:11:14"
"10353", "2022-11-25 14:31:04"
"10354", "2022-11-20 17:06:04"
"10355", "2022-11-20 10:13:32"
"10356", "2022-11-27 13:16:13"
"10357", "2022-12-02 16:42:34"
"10358", "2022-11-27 16:56:36"
"10359", "2022-11-26 17:19:36"
"10360", "2022-12-02 08:41:51"
"10361", "2022-12-03 13:44:26"
"10362", "2022-11-28 13:24:27"
"10363", "2022-12-04 14:03:22"
"10364", "2022-12-04 10:30:46"
"10365", "2022-12-02 14:17:03"
"10366", "2022-12-30 09:39:06"
"10367", "2022-12-02 07:00:03"
"10368", "2022-12-02 11:08:55"
"10369", "2022-12-09 14:18:06"
"10370", "2022-12-27 13:00:28"
"10371", "2022-12-24 14:37:08"
"10372", "2022-12-09 11:13:15"
"10373", "2022-12-11 13:57:55"
"10374", "2022-12-09 15:23:55"
"10375", "2022-12-09 11:44:54"
"10376", "2022-12-13 12:14:34"
"10377", "2022-12-13 12:44:53"
"10378", "2022-12-19 14:06:48"
"10379", "2022-12-13 13:06:54"
"10381", "2022-12-13 15:32:13"
"10382", "2022-12-16 16:33:10"
"10383", "2022-12-18 08:56:24"
"10384", "2022-12-20 15:29:59"
"10385", "2022-12-23 13:02:50"
"10386", "2022-12-25 13:26:44"
"10387", "2022-12-20 11:00:46"
"10388", "2022-12-20 16:11:45"
"10389", "2022-12-24 12:54:31"
"10390", "2022-12-26 14:10:03"
"10391", "2022-12-31 14:44:37"
