"company", "route"
"Alfreds Futterkiste", "GermanyGermany"
"Alfreds Futterkiste", "GermanyGermany"
"Alfreds Futterkiste", "GermanyGermany"
"Alfreds Futterkiste", "GermanyGermany"
"Alfreds Futterkiste", "GermanyGermany"
"Alfreds Futterkiste", "GermanyGermany"
"Ana Trujillo Emparedados y helados", "MexicoMexico"
"Ana Trujillo Emparedados y helados", "MexicoMexico"
"Ana Trujillo Emparedados y helados", "MexicoMexico"
"Ana Trujillo Emparedados y helados", "MexicoMexico"
"Antonio Moreno Taquería", "MexicoMexico"
"Antonio Moreno Taquería", "MexicoMexico"
"Antonio Moreno Taquería", "MexicoMexico"
"Antonio Moreno Taquería", "MexicoMexico"
"Antonio Moreno Taquería", "MexicoMexico"
"Antonio Moreno Taquería", "MexicoMexico"
"Antonio Moreno Taquería", "MexicoMexico"
"Around the Horn", "UKUK"
"Around the Horn", "UKUK"
"Around the Horn", "UKUK"
"Around the Horn", "UKUK"
"Around the Horn", "UKUK"
"Around the Horn", "UKUK"
"Around the Horn", "UKUK"
"Around the Horn", "UKUK"
"Around the Horn", "UKUK"
"Around the Horn", "UKUK"
"Around the Horn", "UKUK"
"Around the Horn", "UKUK"
"Around the Horn", "UKUK"
"B's Beverages", "UKUK"
"B's Beverages", "UKUK"
"B's Beverages", "UKUK"
"B's Beverages", "UKUK"
"B's Beverages", "UKUK"
"B's Beverages", "UKUK"
"B's Beverages", "UKUK"
"B's Beverages", "UKUK"
"B's Beverages", "UKUK"
"B's Beverages", "UKUK"
"Berglunds snabbköp", "SwedenSweden"
"Berglunds snabbköp", "SwedenSweden"
"Berglunds snabbköp", "SwedenSweden"
"Berglunds snabbköp", "SwedenSweden"
"Berglunds snabbköp", "SwedenSweden"
"Berglunds snabbköp", "SwedenSweden"
"Berglunds snabbköp", "SwedenSweden"
"Berglunds snabbköp", "SwedenSweden"
"Berglunds snabbköp", "SwedenSweden"
"Berglunds snabbköp", "SwedenSweden"
"Berglunds snabbköp", "SwedenSweden"
"Berglunds snabbköp", "SwedenSweden"
"Berglunds snabbköp", "SwedenSweden"
"Berglunds snabbköp", "SwedenSweden"
"Berglunds snabbköp", "SwedenSweden"
"Berglunds snabbköp", "SwedenSweden"
"Berglunds snabbköp", "SwedenSweden"
"Berglunds snabbköp", "SwedenSweden"
"Blauer See Delikatessen", "GermanyGermany"
"Blauer See Delikatessen", "GermanyGermany"
"Blauer See Delikatessen", "GermanyGermany"
"Blauer See Delikatessen", "GermanyGermany"
"Blauer See Delikatessen", "GermanyGermany"
"Blauer See Delikatessen", "GermanyGermany"
"Blauer See Delikatessen", "GermanyGermany"
"Blondesddsl père et fils", "FranceFrance"
"Blondesddsl père et fils", "FranceFrance"
"Blondesddsl père et fils", "FranceFrance"
"Blondesddsl père et fils", "FranceFrance"
"Blondesddsl père et fils", "FranceFrance"
"Blondesddsl père et fils", "FranceFrance"
"Blondesddsl père et fils", "FranceFrance"
"Blondesddsl père et fils", "FranceFrance"
"Blondesddsl père et fils", "FranceFrance"
"Blondesddsl père et fils", "FranceFrance"
"Blondesddsl père et fils", "FranceFrance"
"Bon app'", "FranceFrance"
"Bon app'", "FranceFrance"
"Bon app'", "FranceFrance"
"Bon app'", "FranceFrance"
"Bon app'", "FranceFrance"
"Bon app'", "FranceFrance"
"Bon app'", "FranceFrance"
"Bon app'", "FranceFrance"
"Bon app'", "FranceFrance"
"Bon app'", "FranceFrance"
"Bon app'", "FranceFrance"
"Bon app'", "FranceFrance"
"Bon app'", "FranceFrance"
"Bon app'", "FranceFrance"
"Bon app'", "FranceFrance"
"Bon app'", "FranceFrance"
"Bon app'", "FranceFrance"
"Bottom-Dollar Markets", "CanadaCanada"
"Bottom-Dollar Markets", "CanadaCanada"
"Bottom-Dollar Markets", "CanadaCanada"
"Bottom-Dollar Markets", "CanadaCanada"
"Bottom-Dollar Markets", "CanadaCanada"
"Bottom-Dollar Markets", "CanadaCanada"
"Bottom-Dollar Markets", "CanadaCanada"
"Bottom-Dollar Markets", "CanadaCanada"
"Bottom-Dollar Markets", "CanadaCanada"
"Bottom-Dollar Markets", "CanadaCanada"
"Bottom-Dollar Markets", "CanadaCanada"
"Bottom-Dollar Markets", "CanadaCanada"
"Bottom-Dollar Markets", "CanadaCanada"
"Bottom-Dollar Markets", "CanadaCanada"
"Bólido Comidas preparadas", "SpainSpain"
"Bólido Comidas preparadas", "SpainSpain"
"Bólido Comidas preparadas", "SpainSpain"
"Cactus Comidas para llevar", "ArgentinaArgentina"
"Cactus Comidas para llevar", "ArgentinaArgentina"
"Cactus Comidas para llevar", "ArgentinaArgentina"
"Cactus Comidas para llevar", "ArgentinaArgentina"
"Cactus Comidas para llevar", "ArgentinaArgentina"
"Cactus Comidas para llevar", "ArgentinaArgentina"
"Centro comercial Moctezuma", "MexicoMexico"
"Chop-suey Chinese", "SwitzerlandSwitzerland"
"Chop-suey Chinese", "SwitzerlandSwitzerland"
"Chop-suey Chinese", "SwitzerlandSwitzerland"
"Chop-suey Chinese", "SwitzerlandSwitzerland"
"Chop-suey Chinese", "SwitzerlandSwitzerland"
"Chop-suey Chinese", "SwitzerlandSwitzerland"
"Chop-suey Chinese", "SwitzerlandSwitzerland"
"Chop-suey Chinese", "SwitzerlandSwitzerland"
"Comércio Mineiro", "BrazilBrazil"
"Comércio Mineiro", "BrazilBrazil"
"Comércio Mineiro", "BrazilBrazil"
"Comércio Mineiro", "BrazilBrazil"
"Comércio Mineiro", "BrazilBrazil"
"Consolidated Holdings", "UKUK"
"Consolidated Holdings", "UKUK"
"Consolidated Holdings", "UKUK"
"Die Wandernde Kuh", "GermanyGermany"
"Die Wandernde Kuh", "GermanyGermany"
"Die Wandernde Kuh", "GermanyGermany"
"Die Wandernde Kuh", "GermanyGermany"
"Die Wandernde Kuh", "GermanyGermany"
"Die Wandernde Kuh", "GermanyGermany"
"Die Wandernde Kuh", "GermanyGermany"
"Die Wandernde Kuh", "GermanyGermany"
"Die Wandernde Kuh", "GermanyGermany"
"Die Wandernde Kuh", "GermanyGermany"
"Drachenblut Delikatessen", "GermanyGermany"
"Drachenblut Delikatessen", "GermanyGermany"
"Drachenblut Delikatessen", "GermanyGermany"
"Drachenblut Delikatessen", "GermanyGermany"
"Drachenblut Delikatessen", "GermanyGermany"
"Drachenblut Delikatessen", "GermanyGermany"
"Du monde entier", "FranceFrance"
"Du monde entier", "FranceFrance"
"Du monde entier", "FranceFrance"
"Du monde entier", "FranceFrance"
"Eastern Connection", "UKUK"
"Eastern Connection", "UKUK"
"Eastern Connection", "UKUK"
"Eastern Connection", "UKUK"
"Eastern Connection", "UKUK"
"Eastern Connection", "UKUK"
"Eastern Connection", "UKUK"
"Eastern Connection", "UKUK"
"Ernst Handel", "AustriaAustria"
"Ernst Handel", "AustriaAustria"
"Ernst Handel", "AustriaAustria"
"Ernst Handel", "AustriaAustria"
"Ernst Handel", "AustriaAustria"
"Ernst Handel", "AustriaAustria"
"Ernst Handel", "AustriaAustria"
"Ernst Handel", "AustriaAustria"
"Ernst Handel", "AustriaAustria"
"Ernst Handel", "AustriaAustria"
"Ernst Handel", "AustriaAustria"
"Ernst Handel", "AustriaAustria"
"Ernst Handel", "AustriaAustria"
"Ernst Handel", "AustriaAustria"
"Ernst Handel", "AustriaAustria"
"Ernst Handel", "AustriaAustria"
"Ernst Handel", "AustriaAustria"
"Ernst Handel", "AustriaAustria"
"Ernst Handel", "AustriaAustria"
"Ernst Handel", "AustriaAustria"
"Ernst Handel", "AustriaAustria"
"Ernst Handel", "AustriaAustria"
"Ernst Handel", "AustriaAustria"
"Ernst Handel", "AustriaAustria"
"Ernst Handel", "AustriaAustria"
"Ernst Handel", "AustriaAustria"
"Ernst Handel", "AustriaAustria"
"Ernst Handel", "AustriaAustria"
"Ernst Handel", "AustriaAustria"
"Ernst Handel", "AustriaAustria"
"Familia Arquibaldo", "BrazilBrazil"
"Familia Arquibaldo", "BrazilBrazil"
"Familia Arquibaldo", "BrazilBrazil"
"Familia Arquibaldo", "BrazilBrazil"
"Familia Arquibaldo", "BrazilBrazil"
"Familia Arquibaldo", "BrazilBrazil"
"Familia Arquibaldo", "BrazilBrazil"
"Folies gourmandes", "FranceFrance"
"Folies gourmandes", "FranceFrance"
"Folies gourmandes", "FranceFrance"
"Folies gourmandes", "FranceFrance"
"Folies gourmandes", "FranceFrance"
"Folk och fä HB", "SwedenSweden"
"Folk och fä HB", "SwedenSweden"
"Folk och fä HB", "SwedenSweden"
"Folk och fä HB", "SwedenSweden"
"Folk och fä HB", "SwedenSweden"
"Folk och fä HB", "SwedenSweden"
"Folk och fä HB", "SwedenSweden"
"Folk och fä HB", "SwedenSweden"
"Folk och fä HB", "SwedenSweden"
"Folk och fä HB", "SwedenSweden"
"Folk och fä HB", "SwedenSweden"
"Folk och fä HB", "SwedenSweden"
"Folk och fä HB", "SwedenSweden"
"Folk och fä HB", "SwedenSweden"
"Folk och fä HB", "SwedenSweden"
"Folk och fä HB", "SwedenSweden"
"Folk och fä HB", "SwedenSweden"
"Folk och fä HB", "SwedenSweden"
"Folk och fä HB", "SwedenSweden"
"France restauration", "FranceFrance"
"France restauration", "FranceFrance"
"France restauration", "FranceFrance"
"Franchi S.p.A.", "ItalyItaly"
"Franchi S.p.A.", "ItalyItaly"
"Franchi S.p.A.", "ItalyItaly"
"Franchi S.p.A.", "ItalyItaly"
"Franchi S.p.A.", "ItalyItaly"
"Franchi S.p.A.", "ItalyItaly"
"Frankenversand", "GermanyGermany"
"Frankenversand", "GermanyGermany"
"Frankenversand", "GermanyGermany"
"Frankenversand", "GermanyGermany"
"Frankenversand", "GermanyGermany"
"Frankenversand", "GermanyGermany"
"Frankenversand", "GermanyGermany"
"Frankenversand", "GermanyGermany"
"Frankenversand", "GermanyGermany"
"Frankenversand", "GermanyGermany"
"Frankenversand", "GermanyGermany"
"Frankenversand", "GermanyGermany"
"Frankenversand", "GermanyGermany"
"Frankenversand", "GermanyGermany"
"Frankenversand", "GermanyGermany"
"Furia Bacalhau e Frutos do Mar", "PortugalPortugal"
"Furia Bacalhau e Frutos do Mar", "PortugalPortugal"
"Furia Bacalhau e Frutos do Mar", "PortugalPortugal"
"Furia Bacalhau e Frutos do Mar", "PortugalPortugal"
"Furia Bacalhau e Frutos do Mar", "PortugalPortugal"
"Furia Bacalhau e Frutos do Mar", "PortugalPortugal"
"Furia Bacalhau e Frutos do Mar", "PortugalPortugal"
"Furia Bacalhau e Frutos do Mar", "PortugalPortugal"
"GROSELLA-Restaurante", "VenezuelaVenezuela"
"GROSELLA-Restaurante", "VenezuelaVenezuela"
"Galería del gastrónomo", "SpainSpain"
"Galería del gastrónomo", "SpainSpain"
"Galería del gastrónomo", "SpainSpain"
"Galería del gastrónomo", "SpainSpain"
"Galería del gastrónomo", "SpainSpain"
"Godos Cocina Típica", "SpainSpain"
"Godos Cocina Típica", "SpainSpain"
"Godos Cocina Típica", "SpainSpain"
"Godos Cocina Típica", "SpainSpain"
"Godos Cocina Típica", "SpainSpain"
"Godos Cocina Típica", "SpainSpain"
"Godos Cocina Típica", "SpainSpain"
"Godos Cocina Típica", "SpainSpain"
"Godos Cocina Típica", "SpainSpain"
"Godos Cocina Típica", "SpainSpain"
"Gourmet Lanchonetes", "BrazilBrazil"
"Gourmet Lanchonetes", "BrazilBrazil"
"Gourmet Lanchonetes", "BrazilBrazil"
"Gourmet Lanchonetes", "BrazilBrazil"
"Gourmet Lanchonetes", "BrazilBrazil"
"Gourmet Lanchonetes", "BrazilBrazil"
"Gourmet Lanchonetes", "BrazilBrazil"
"Gourmet Lanchonetes", "BrazilBrazil"
"Gourmet Lanchonetes", "BrazilBrazil"
"Great Lakes Food Market", "USAUSA"
"Great Lakes Food Market", "USAUSA"
"Great Lakes Food Market", "USAUSA"
"Great Lakes Food Market", "USAUSA"
"Great Lakes Food Market", "USAUSA"
"Great Lakes Food Market", "USAUSA"
"Great Lakes Food Market", "USAUSA"
"Great Lakes Food Market", "USAUSA"
"Great Lakes Food Market", "USAUSA"
"Great Lakes Food Market", "USAUSA"
"Great Lakes Food Market", "USAUSA"
"HILARION-Abastos", "VenezuelaVenezuela"
"HILARION-Abastos", "VenezuelaVenezuela"
"HILARION-Abastos", "VenezuelaVenezuela"
"HILARION-Abastos", "VenezuelaVenezuela"
"HILARION-Abastos", "VenezuelaVenezuela"
"HILARION-Abastos", "VenezuelaVenezuela"
"HILARION-Abastos", "VenezuelaVenezuela"
"HILARION-Abastos", "VenezuelaVenezuela"
"HILARION-Abastos", "VenezuelaVenezuela"
"HILARION-Abastos", "VenezuelaVenezuela"
"HILARION-Abastos", "VenezuelaVenezuela"
"HILARION-Abastos", "VenezuelaVenezuela"
"HILARION-Abastos", "VenezuelaVenezuela"
"HILARION-Abastos", "VenezuelaVenezuela"
"HILARION-Abastos", "VenezuelaVenezuela"
"HILARION-Abastos", "VenezuelaVenezuela"
"HILARION-Abastos", "VenezuelaVenezuela"
"HILARION-Abastos", "VenezuelaVenezuela"
"Hanari Carnes", "BrazilBrazil"
"Hanari Carnes", "BrazilBrazil"
"Hanari Carnes", "BrazilBrazil"
"Hanari Carnes", "BrazilBrazil"
"Hanari Carnes", "BrazilBrazil"
"Hanari Carnes", "BrazilBrazil"
"Hanari Carnes", "BrazilBrazil"
"Hanari Carnes", "BrazilBrazil"
"Hanari Carnes", "BrazilBrazil"
"Hanari Carnes", "BrazilBrazil"
"Hanari Carnes", "BrazilBrazil"
"Hanari Carnes", "BrazilBrazil"
"Hanari Carnes", "BrazilBrazil"
"Hanari Carnes", "BrazilBrazil"
"Hungry Coyote Import Store", "USAUSA"
"Hungry Coyote Import Store", "USAUSA"
"Hungry Coyote Import Store", "USAUSA"
"Hungry Coyote Import Store", "USAUSA"
"Hungry Coyote Import Store", "USAUSA"
"Hungry Owl All-Night Grocers", "IrelandIreland"
"Hungry Owl All-Night Grocers", "IrelandIreland"
"Hungry Owl All-Night Grocers", "IrelandIreland"
"Hungry Owl All-Night Grocers", "IrelandIreland"
"Hungry Owl All-Night Grocers", "IrelandIreland"
"Hungry Owl All-Night Grocers", "IrelandIreland"
"Hungry Owl All-Night Grocers", "IrelandIreland"
"Hungry Owl All-Night Grocers", "IrelandIreland"
"Hungry Owl All-Night Grocers", "IrelandIreland"
"Hungry Owl All-Night Grocers", "IrelandIreland"
"Hungry Owl All-Night Grocers", "IrelandIreland"
"Hungry Owl All-Night Grocers", "IrelandIreland"
"Hungry Owl All-Night Grocers", "IrelandIreland"
"Hungry Owl All-Night Grocers", "IrelandIreland"
"Hungry Owl All-Night Grocers", "IrelandIreland"
"Hungry Owl All-Night Grocers", "IrelandIreland"
"Hungry Owl All-Night Grocers", "IrelandIreland"
"Hungry Owl All-Night Grocers", "IrelandIreland"
"Hungry Owl All-Night Grocers", "IrelandIreland"
"Island Trading", "UKUK"
"Island Trading", "UKUK"
"Island Trading", "UKUK"
"Island Trading", "UKUK"
"Island Trading", "UKUK"
"Island Trading", "UKUK"
"Island Trading", "UKUK"
"Island Trading", "UKUK"
"Island Trading", "UKUK"
"Island Trading", "UKUK"
"Königlich Essen", "GermanyGermany"
"Königlich Essen", "GermanyGermany"
"Königlich Essen", "GermanyGermany"
"Königlich Essen", "GermanyGermany"
"Königlich Essen", "GermanyGermany"
"Königlich Essen", "GermanyGermany"
"Königlich Essen", "GermanyGermany"
"Königlich Essen", "GermanyGermany"
"Königlich Essen", "GermanyGermany"
"Königlich Essen", "GermanyGermany"
"Königlich Essen", "GermanyGermany"
"Königlich Essen", "GermanyGermany"
"Königlich Essen", "GermanyGermany"
"Königlich Essen", "GermanyGermany"
"LILA-Supermercado", "VenezuelaVenezuela"
"LILA-Supermercado", "VenezuelaVenezuela"
"LILA-Supermercado", "VenezuelaVenezuela"
"LILA-Supermercado", "VenezuelaVenezuela"
"LILA-Supermercado", "VenezuelaVenezuela"
"LILA-Supermercado", "VenezuelaVenezuela"
"LILA-Supermercado", "VenezuelaVenezuela"
"LILA-Supermercado", "VenezuelaVenezuela"
"LILA-Supermercado", "VenezuelaVenezuela"
"LILA-Supermercado", "VenezuelaVenezuela"
"LILA-Supermercado", "VenezuelaVenezuela"
"LILA-Supermercado", "VenezuelaVenezuela"
"LILA-Supermercado", "VenezuelaVenezuela"
"LILA-Supermercado", "VenezuelaVenezuela"
"LINO-Delicateses", "VenezuelaVenezuela"
"LINO-Delicateses", "VenezuelaVenezuela"
"LINO-Delicateses", "VenezuelaVenezuela"
"LINO-Delicateses", "VenezuelaVenezuela"
"LINO-Delicateses", "VenezuelaVenezuela"
"LINO-Delicateses", "VenezuelaVenezuela"
"LINO-Delicateses", "VenezuelaVenezuela"
"LINO-Delicateses", "VenezuelaVenezuela"
"LINO-Delicateses", "VenezuelaVenezuela"
"LINO-Delicateses", "VenezuelaVenezuela"
"LINO-Delicateses", "VenezuelaVenezuela"
"LINO-Delicateses", "VenezuelaVenezuela"
"La corne d'abondance", "FranceFrance"
"La corne d'abondance", "FranceFrance"
"La corne d'abondance", "FranceFrance"
"La corne d'abondance", "FranceFrance"
"La maison d'Asie", "FranceFrance"
"La maison d'Asie", "FranceFrance"
"La maison d'Asie", "FranceFrance"
"La maison d'Asie", "FranceFrance"
"La maison d'Asie", "FranceFrance"
"La maison d'Asie", "FranceFrance"
"La maison d'Asie", "FranceFrance"
"La maison d'Asie", "FranceFrance"
"La maison d'Asie", "FranceFrance"
"La maison d'Asie", "FranceFrance"
"La maison d'Asie", "FranceFrance"
"La maison d'Asie", "FranceFrance"
"La maison d'Asie", "FranceFrance"
"La maison d'Asie", "FranceFrance"
"Laughing Bacchus Wine Cellars", "CanadaCanada"
"Laughing Bacchus Wine Cellars", "CanadaCanada"
"Laughing Bacchus Wine Cellars", "CanadaCanada"
"Lazy K Kountry Store", "USAUSA"
"Lazy K Kountry Store", "USAUSA"
"Lehmanns Marktstand", "GermanyGermany"
"Lehmanns Marktstand", "GermanyGermany"
"Lehmanns Marktstand", "GermanyGermany"
"Lehmanns Marktstand", "GermanyGermany"
"Lehmanns Marktstand", "GermanyGermany"
"Lehmanns Marktstand", "GermanyGermany"
"Lehmanns Marktstand", "GermanyGermany"
"Lehmanns Marktstand", "GermanyGermany"
"Lehmanns Marktstand", "GermanyGermany"
"Lehmanns Marktstand", "GermanyGermany"
"Lehmanns Marktstand", "GermanyGermany"
"Lehmanns Marktstand", "GermanyGermany"
"Lehmanns Marktstand", "GermanyGermany"
"Lehmanns Marktstand", "GermanyGermany"
"Lehmanns Marktstand", "GermanyGermany"
"Let's Stop N Shop", "USAUSA"
"Let's Stop N Shop", "USAUSA"
"Let's Stop N Shop", "USAUSA"
"Let's Stop N Shop", "USAUSA"
"Lonesome Pine Restaurant", "USAUSA"
"Lonesome Pine Restaurant", "USAUSA"
"Lonesome Pine Restaurant", "USAUSA"
"Lonesome Pine Restaurant", "USAUSA"
"Lonesome Pine Restaurant", "USAUSA"
"Lonesome Pine Restaurant", "USAUSA"
"Lonesome Pine Restaurant", "USAUSA"
"Lonesome Pine Restaurant", "USAUSA"
"Magazzini Alimentari Riuniti", "ItalyItaly"
"Magazzini Alimentari Riuniti", "ItalyItaly"
"Magazzini Alimentari Riuniti", "ItalyItaly"
"Magazzini Alimentari Riuniti", "ItalyItaly"
"Magazzini Alimentari Riuniti", "ItalyItaly"
"Magazzini Alimentari Riuniti", "ItalyItaly"
"Magazzini Alimentari Riuniti", "ItalyItaly"
"Magazzini Alimentari Riuniti", "ItalyItaly"
"Magazzini Alimentari Riuniti", "ItalyItaly"
"Magazzini Alimentari Riuniti", "ItalyItaly"
"Maison Dewey", "BelgiumBelgium"
"Maison Dewey", "BelgiumBelgium"
"Maison Dewey", "BelgiumBelgium"
"Maison Dewey", "BelgiumBelgium"
"Maison Dewey", "BelgiumBelgium"
"Maison Dewey", "BelgiumBelgium"
"Maison Dewey", "BelgiumBelgium"
"Morgenstern Gesundkost", "GermanyGermany"
"Morgenstern Gesundkost", "GermanyGermany"
"Morgenstern Gesundkost", "GermanyGermany"
"Morgenstern Gesundkost", "GermanyGermany"
"Morgenstern Gesundkost", "GermanyGermany"
"Mère Paillarde", "CanadaCanada"
"Mère Paillarde", "CanadaCanada"
"Mère Paillarde", "CanadaCanada"
"Mère Paillarde", "CanadaCanada"
"Mère Paillarde", "CanadaCanada"
"Mère Paillarde", "CanadaCanada"
"Mère Paillarde", "CanadaCanada"
"Mère Paillarde", "CanadaCanada"
"Mère Paillarde", "CanadaCanada"
"Mère Paillarde", "CanadaCanada"
"Mère Paillarde", "CanadaCanada"
"Mère Paillarde", "CanadaCanada"
"Mère Paillarde", "CanadaCanada"
"North/South", "UKUK"
"North/South", "UKUK"
"North/South", "UKUK"
"Océano Atlántico Ltda.", "ArgentinaArgentina"
"Océano Atlántico Ltda.", "ArgentinaArgentina"
"Océano Atlántico Ltda.", "ArgentinaArgentina"
"Océano Atlántico Ltda.", "ArgentinaArgentina"
"Océano Atlántico Ltda.", "ArgentinaArgentina"
"Old World Delicatessen", "USAUSA"
"Old World Delicatessen", "USAUSA"
"Old World Delicatessen", "USAUSA"
"Old World Delicatessen", "USAUSA"
"Old World Delicatessen", "USAUSA"
"Old World Delicatessen", "USAUSA"
"Old World Delicatessen", "USAUSA"
"Old World Delicatessen", "USAUSA"
"Old World Delicatessen", "USAUSA"
"Old World Delicatessen", "USAUSA"
"Ottilies Käseladen", "GermanyGermany"
"Ottilies Käseladen", "GermanyGermany"
"Ottilies Käseladen", "GermanyGermany"
"Ottilies Käseladen", "GermanyGermany"
"Ottilies Käseladen", "GermanyGermany"
"Ottilies Käseladen", "GermanyGermany"
"Ottilies Käseladen", "GermanyGermany"
"Ottilies Käseladen", "GermanyGermany"
"Ottilies Käseladen", "GermanyGermany"
"Ottilies Käseladen", "GermanyGermany"
"Pericles Comidas clásicas", "MexicoMexico"
"Pericles Comidas clásicas", "MexicoMexico"
"Pericles Comidas clásicas", "MexicoMexico"
"Pericles Comidas clásicas", "MexicoMexico"
"Pericles Comidas clásicas", "MexicoMexico"
"Pericles Comidas clásicas", "MexicoMexico"
"Piccolo und mehr", "AustriaAustria"
"Piccolo und mehr", "AustriaAustria"
"Piccolo und mehr", "AustriaAustria"
"Piccolo und mehr", "AustriaAustria"
"Piccolo und mehr", "AustriaAustria"
"Piccolo und mehr", "AustriaAustria"
"Piccolo und mehr", "AustriaAustria"
"Piccolo und mehr", "AustriaAustria"
"Piccolo und mehr", "AustriaAustria"
"Piccolo und mehr", "AustriaAustria"
"Princesa Isabel Vinhos", "PortugalPortugal"
"Princesa Isabel Vinhos", "PortugalPortugal"
"Princesa Isabel Vinhos", "PortugalPortugal"
"Princesa Isabel Vinhos", "PortugalPortugal"
"Princesa Isabel Vinhos", "PortugalPortugal"
"QUICK-Stop", "GermanyGermany"
"QUICK-Stop", "GermanyGermany"
"QUICK-Stop", "GermanyGermany"
"QUICK-Stop", "GermanyGermany"
"QUICK-Stop", "GermanyGermany"
"QUICK-Stop", "GermanyGermany"
"QUICK-Stop", "GermanyGermany"
"QUICK-Stop", "GermanyGermany"
"QUICK-Stop", "GermanyGermany"
"QUICK-Stop", "GermanyGermany"
"QUICK-Stop", "GermanyGermany"
"QUICK-Stop", "GermanyGermany"
"QUICK-Stop", "GermanyGermany"
"QUICK-Stop", "GermanyGermany"
"QUICK-Stop", "GermanyGermany"
"QUICK-Stop", "GermanyGermany"
"QUICK-Stop", "GermanyGermany"
"QUICK-Stop", "GermanyGermany"
"QUICK-Stop", "GermanyGermany"
"QUICK-Stop", "GermanyGermany"
"QUICK-Stop", "GermanyGermany"
"QUICK-Stop", "GermanyGermany"
"QUICK-Stop", "GermanyGermany"
"QUICK-Stop", "GermanyGermany"
"QUICK-Stop", "GermanyGermany"
"QUICK-Stop", "GermanyGermany"
"QUICK-Stop", "GermanyGermany"
"QUICK-Stop", "GermanyGermany"
"Que Delícia", "BrazilBrazil"
"Que Delícia", "BrazilBrazil"
"Que Delícia", "BrazilBrazil"
"Que Delícia", "BrazilBrazil"
"Que Delícia", "BrazilBrazil"
"Que Delícia", "BrazilBrazil"
"Que Delícia", "BrazilBrazil"
"Que Delícia", "BrazilBrazil"
"Que Delícia", "BrazilBrazil"
"Queen Cozinha", "BrazilBrazil"
"Queen Cozinha", "BrazilBrazil"
"Queen Cozinha", "BrazilBrazil"
"Queen Cozinha", "BrazilBrazil"
"Queen Cozinha", "BrazilBrazil"
"Queen Cozinha", "BrazilBrazil"
"Queen Cozinha", "BrazilBrazil"
"Queen Cozinha", "BrazilBrazil"
"Queen Cozinha", "BrazilBrazil"
"Queen Cozinha", "BrazilBrazil"
"Queen Cozinha", "BrazilBrazil"
"Queen Cozinha", "BrazilBrazil"
"Queen Cozinha", "BrazilBrazil"
"Rancho grande", "ArgentinaArgentina"
"Rancho grande", "ArgentinaArgentina"
"Rancho grande", "ArgentinaArgentina"
"Rancho grande", "ArgentinaArgentina"
"Rancho grande", "ArgentinaArgentina"
"Rattlesnake Canyon Grocery", "USAUSA"
"Rattlesnake Canyon Grocery", "USAUSA"
"Rattlesnake Canyon Grocery", "USAUSA"
"Rattlesnake Canyon Grocery", "USAUSA"
"Rattlesnake Canyon Grocery", "USAUSA"
"Rattlesnake Canyon Grocery", "USAUSA"
"Rattlesnake Canyon Grocery", "USAUSA"
"Rattlesnake Canyon Grocery", "USAUSA"
"Rattlesnake Canyon Grocery", "USAUSA"
"Rattlesnake Canyon Grocery", "USAUSA"
"Rattlesnake Canyon Grocery", "USAUSA"
"Rattlesnake Canyon Grocery", "USAUSA"
"Rattlesnake Canyon Grocery", "USAUSA"
"Rattlesnake Canyon Grocery", "USAUSA"
"Rattlesnake Canyon Grocery", "USAUSA"
"Rattlesnake Canyon Grocery", "USAUSA"
"Rattlesnake Canyon Grocery", "USAUSA"
"Rattlesnake Canyon Grocery", "USAUSA"
"Reggiani Caseifici", "ItalyItaly"
"Reggiani Caseifici", "ItalyItaly"
"Reggiani Caseifici", "ItalyItaly"
"Reggiani Caseifici", "ItalyItaly"
"Reggiani Caseifici", "ItalyItaly"
"Reggiani Caseifici", "ItalyItaly"
"Reggiani Caseifici", "ItalyItaly"
"Reggiani Caseifici", "ItalyItaly"
"Reggiani Caseifici", "ItalyItaly"
"Reggiani Caseifici", "ItalyItaly"
"Reggiani Caseifici", "ItalyItaly"
"Reggiani Caseifici", "ItalyItaly"
"Ricardo Adocicados", "BrazilBrazil"
"Ricardo Adocicados", "BrazilBrazil"
"Ricardo Adocicados", "BrazilBrazil"
"Ricardo Adocicados", "BrazilBrazil"
"Ricardo Adocicados", "BrazilBrazil"
"Ricardo Adocicados", "BrazilBrazil"
"Ricardo Adocicados", "BrazilBrazil"
"Ricardo Adocicados", "BrazilBrazil"
"Ricardo Adocicados", "BrazilBrazil"
"Ricardo Adocicados", "BrazilBrazil"
"Ricardo Adocicados", "BrazilBrazil"
"Richter Supermarkt", "SwitzerlandSwitzerland"
"Richter Supermarkt", "SwitzerlandSwitzerland"
"Richter Supermarkt", "SwitzerlandSwitzerland"
"Richter Supermarkt", "SwitzerlandSwitzerland"
"Richter Supermarkt", "SwitzerlandSwitzerland"
"Richter Supermarkt", "SwitzerlandSwitzerland"
"Richter Supermarkt", "SwitzerlandSwitzerland"
"Richter Supermarkt", "SwitzerlandSwitzerland"
"Richter Supermarkt", "SwitzerlandSwitzerland"
"Richter Supermarkt", "SwitzerlandSwitzerland"
"Romero y tomillo", "SpainSpain"
"Romero y tomillo", "SpainSpain"
"Romero y tomillo", "SpainSpain"
"Romero y tomillo", "SpainSpain"
"Romero y tomillo", "SpainSpain"
"Santé Gourmet", "NorwayNorway"
"Santé Gourmet", "NorwayNorway"
"Santé Gourmet", "NorwayNorway"
"Santé Gourmet", "NorwayNorway"
"Santé Gourmet", "NorwayNorway"
"Santé Gourmet", "NorwayNorway"
"Save-a-lot Markets", "USAUSA"
"Save-a-lot Markets", "USAUSA"
"Save-a-lot Markets", "USAUSA"
"Save-a-lot Markets", "USAUSA"
"Save-a-lot Markets", "USAUSA"
"Save-a-lot Markets", "USAUSA"
"Save-a-lot Markets", "USAUSA"
"Save-a-lot Markets", "USAUSA"
"Save-a-lot Markets", "USAUSA"
"Save-a-lot Markets", "USAUSA"
"Save-a-lot Markets", "USAUSA"
"Save-a-lot Markets", "USAUSA"
"Save-a-lot Markets", "USAUSA"
"Save-a-lot Markets", "USAUSA"
"Save-a-lot Markets", "USAUSA"
"Save-a-lot Markets", "USAUSA"
"Save-a-lot Markets", "USAUSA"
"Save-a-lot Markets", "USAUSA"
"Save-a-lot Markets", "USAUSA"
"Save-a-lot Markets", "USAUSA"
"Save-a-lot Markets", "USAUSA"
"Save-a-lot Markets", "USAUSA"
"Save-a-lot Markets", "USAUSA"
"Save-a-lot Markets", "USAUSA"
"Save-a-lot Markets", "USAUSA"
"Save-a-lot Markets", "USAUSA"
"Save-a-lot Markets", "USAUSA"
"Save-a-lot Markets", "USAUSA"
"Save-a-lot Markets", "USAUSA"
"Save-a-lot Markets", "USAUSA"
"Save-a-lot Markets", "USAUSA"
"Seven Seas Imports", "UKUK"
"Seven Seas Imports", "UKUK"
"Seven Seas Imports", "UKUK"
"Seven Seas Imports", "UKUK"
"Seven Seas Imports", "UKUK"
"Seven Seas Imports", "UKUK"
"Seven Seas Imports", "UKUK"
"Seven Seas Imports", "UKUK"
"Seven Seas Imports", "UKUK"
"Simons bistro", "DenmarkDenmark"
"Simons bistro", "DenmarkDenmark"
"Simons bistro", "DenmarkDenmark"
"Simons bistro", "DenmarkDenmark"
"Simons bistro", "DenmarkDenmark"
"Simons bistro", "DenmarkDenmark"
"Simons bistro", "DenmarkDenmark"
"Split Rail Beer & Ale", "USAUSA"
"Split Rail Beer & Ale", "USAUSA"
"Split Rail Beer & Ale", "USAUSA"
"Split Rail Beer & Ale", "USAUSA"
"Split Rail Beer & Ale", "USAUSA"
"Split Rail Beer & Ale", "USAUSA"
"Split Rail Beer & Ale", "USAUSA"
"Split Rail Beer & Ale", "USAUSA"
"Split Rail Beer & Ale", "USAUSA"
"Spécialités du monde", "FranceFrance"
"Spécialités du monde", "FranceFrance"
"Spécialités du monde", "FranceFrance"
"Spécialités du monde", "FranceFrance"
"Suprêmes délices", "BelgiumBelgium"
"Suprêmes délices", "BelgiumBelgium"
"Suprêmes délices", "BelgiumBelgium"
"Suprêmes délices", "BelgiumBelgium"
"Suprêmes délices", "BelgiumBelgium"
"Suprêmes délices", "BelgiumBelgium"
"Suprêmes délices", "BelgiumBelgium"
"Suprêmes délices", "BelgiumBelgium"
"Suprêmes délices", "BelgiumBelgium"
"Suprêmes délices", "BelgiumBelgium"
"Suprêmes délices", "BelgiumBelgium"
"Suprêmes délices", "BelgiumBelgium"
"The Big Cheese", "USAUSA"
"The Big Cheese", "USAUSA"
"The Big Cheese", "USAUSA"
"The Big Cheese", "USAUSA"
"The Cracker Box", "USAUSA"
"The Cracker Box", "USAUSA"
"The Cracker Box", "USAUSA"
"Toms Spezialitäten", "GermanyGermany"
"Toms Spezialitäten", "GermanyGermany"
"Toms Spezialitäten", "GermanyGermany"
"Toms Spezialitäten", "GermanyGermany"
"Toms Spezialitäten", "GermanyGermany"
"Toms Spezialitäten", "GermanyGermany"
"Tortuga Restaurante", "MexicoMexico"
"Tortuga Restaurante", "MexicoMexico"
"Tortuga Restaurante", "MexicoMexico"
"Tortuga Restaurante", "MexicoMexico"
"Tortuga Restaurante", "MexicoMexico"
"Tortuga Restaurante", "MexicoMexico"
"Tortuga Restaurante", "MexicoMexico"
"Tortuga Restaurante", "MexicoMexico"
"Tortuga Restaurante", "MexicoMexico"
"Tortuga Restaurante", "MexicoMexico"
"Tradição Hipermercados", "BrazilBrazil"
"Tradição Hipermercados", "BrazilBrazil"
"Tradição Hipermercados", "BrazilBrazil"
"Tradição Hipermercados", "BrazilBrazil"
"Tradição Hipermercados", "BrazilBrazil"
"Tradição Hipermercados", "BrazilBrazil"
"Trail's Head Gourmet Provisioners", "USAUSA"
"Trail's Head Gourmet Provisioners", "USAUSA"
"Trail's Head Gourmet Provisioners", "USAUSA"
"Vaffeljernet", "DenmarkDenmark"
"Vaffeljernet", "DenmarkDenmark"
"Vaffeljernet", "DenmarkDenmark"
"Vaffeljernet", "DenmarkDenmark"
"Vaffeljernet", "DenmarkDenmark"
"Vaffeljernet", "DenmarkDenmark"
"Vaffeljernet", "DenmarkDenmark"
"Vaffeljernet", "DenmarkDenmark"
"Vaffeljernet", "DenmarkDenmark"
"Vaffeljernet", "DenmarkDenmark"
"Vaffeljernet", "DenmarkDenmark"
"Victuailles en stock", "FranceFrance"
"Victuailles en stock", "FranceFrance"
"Victuailles en stock", "FranceFrance"
"Victuailles en stock", "FranceFrance"
"Victuailles en stock", "FranceFrance"
"Victuailles en stock", "FranceFrance"
"Victuailles en stock", "FranceFrance"
"Victuailles en stock", "FranceFrance"
"Victuailles en stock", "FranceFrance"
"Victuailles en stock", "FranceFrance"
"Vins et alcools Chevalier", "FranceFrance"
"Vins et alcools Chevalier", "FranceFrance"
"Vins et alcools Chevalier", "FranceFrance"
"Vins et alcools Chevalier", "FranceFrance"
"Vins et alcools Chevalier", "FranceFrance"
"Wartian Herkku", "FinlandFinland"
"Wartian Herkku", "FinlandFinland"
"Wartian Herkku", "FinlandFinland"
"Wartian Herkku", "FinlandFinland"
"Wartian Herkku", "FinlandFinland"
"Wartian Herkku", "FinlandFinland"
"Wartian Herkku", "FinlandFinland"
"Wartian Herkku", "FinlandFinland"
"Wartian Herkku", "FinlandFinland"
"Wartian Herkku", "FinlandFinland"
"Wartian Herkku", "FinlandFinland"
"Wartian Herkku", "FinlandFinland"
"Wartian Herkku", "FinlandFinland"
"Wartian Herkku", "FinlandFinland"
"Wartian Herkku", "FinlandFinland"
"Wellington Importadora", "BrazilBrazil"
"Wellington Importadora", "BrazilBrazil"
"Wellington Importadora", "BrazilBrazil"
"Wellington Importadora", "BrazilBrazil"
"Wellington Importadora", "BrazilBrazil"
"Wellington Importadora", "BrazilBrazil"
"Wellington Importadora", "BrazilBrazil"
"Wellington Importadora", "BrazilBrazil"
"Wellington Importadora", "BrazilBrazil"
"White Clover Markets", "USAUSA"
"White Clover Markets", "USAUSA"
"White Clover Markets", "USAUSA"
"White Clover Markets", "USAUSA"
"White Clover Markets", "USAUSA"
"White Clover Markets", "USAUSA"
"White Clover Markets", "USAUSA"
"White Clover Markets", "USAUSA"
"White Clover Markets", "USAUSA"
"White Clover Markets", "USAUSA"
"White Clover Markets", "USAUSA"
"White Clover Markets", "USAUSA"
"White Clover Markets", "USAUSA"
"White Clover Markets", "USAUSA"
"Wilman Kala", "FinlandFinland"
"Wilman Kala", "FinlandFinland"
"Wilman Kala", "FinlandFinland"
"Wilman Kala", "FinlandFinland"
"Wilman Kala", "FinlandFinland"
"Wilman Kala", "FinlandFinland"
"Wilman Kala", "FinlandFinland"
"Wolski  Zajazd", "PolandPoland"
"Wolski  Zajazd", "PolandPoland"
"Wolski  Zajazd", "PolandPoland"
"Wolski  Zajazd", "PolandPoland"
"Wolski  Zajazd", "PolandPoland"
"Wolski  Zajazd", "PolandPoland"
"Wolski  Zajazd", "PolandPoland"
